t,plant,axis,organ,AA_consumption_mstruct,C_exudation,Export_Amino_Acids,Export_Nitrates,Export_cytokinins,HATS_LATS,N_exudation,Nstruct,RGR_Structure,R_Nnit_red,R_Nnit_upt,R_grain_growth_starch,R_grain_growth_struct,R_min_upt,R_residual,Respi_growth,S_Amino_Acids,S_Proteins,S_cytokinins,S_grain_starch,S_grain_structure,Total_Organic_Nitrogen,Unloading_Amino_Acids,Unloading_Sucrose,Uptake_Nitrates,age_from_flowering,amino_acids,cytokinins,delta_mstruct_growth,mstruct,nitrates,proteins,rate_mstruct_death,regul_transpiration,senesced_mstruct,starch,structure,sucrose,sucrose_consumption_mstruct,sum_respi
0,1,MS,phloem,NA,NA,NA,NA,NA,NA,NA,NA,NA,NA,NA,NA,NA,NA,NA,NA,NA,NA,NA,NA,NA,NA,NA,NA,NA,NA,0.00000000,NA,NA,NA,NA,NA,NA,NA,NA,NA,NA,0.00000000,NA,NA
0,1,MS,roots,0.02002061,NA,0.00000000,0.00000000,0.00000000,NA,NA,0.00017248,NA,NA,NA,NA,NA,NA,NA,0.69137825,NA,NA,NA,NA,NA,14.49031944,NA,NA,NA,NA,2.17051312,8.60000000,0.00005606,0.03445606,21.90533730,NA,0.00000000,NA,0.00000000,NA,NA,199.88574592,2.00766633,NA
1,1,MS,phloem,NA,NA,NA,NA,NA,NA,NA,NA,NA,NA,NA,NA,NA,NA,NA,NA,NA,NA,NA,NA,NA,NA,NA,NA,NA,NA,4.93338245,NA,NA,NA,NA,NA,NA,NA,NA,NA,NA,91.04720508,NA,NA
1,1,MS,roots,0.02147097,0.00000000,0.12257727,0.13882652,0.01820402,1.06905604,0.00000000,0.00017278,NA,0.07587480,0.10725502,NA,NA,NA,0.06216115,0.74146433,1.11022160,NA,0.98201537,NA,NA,14.40615097,0.00000000,-602.59472338,0.27016378,NA,2.06487367,8.61573087,0.00006012,0.03451618,22.00445712,NA,0.00000000,0.00035209,0.00000000,NA,NA,175.81590580,2.15310934,0.24529097
2,1,MS,phloem,NA,NA,NA,NA,NA,NA,NA,NA,NA,NA,NA,NA,NA,NA,NA,NA,NA,NA,NA,NA,NA,NA,NA,NA,NA,NA,5.48752006,NA,NA,NA,NA,NA,NA,NA,NA,NA,NA,116.16930948,NA,NA
2,1,MS,roots,0.01827000,0.00000000,0.07426064,0.08871419,0.01160168,0.99321345,0.00000000,0.00017303,NA,0.07025322,0.09423512,NA,NA,NA,0.05687515,0.63092416,1.02644381,NA,0.91008745,NA,NA,14.36743881,0.00000000,-371.02363049,0.23736806,NA,2.00789151,8.63562529,0.00005116,0.03456733,22.12189337,NA,0.00000000,0.00022398,0.00000000,NA,NA,160.18591974,1.83211607,0.22136349
3,1,MS,phloem,NA,NA,NA,NA,NA,NA,NA,NA,NA,NA,NA,NA,NA,NA,NA,NA,NA,NA,NA,NA,NA,NA,NA,NA,NA,NA,5.74063158,NA,NA,NA,NA,NA,NA,NA,NA,NA,NA,129.82131699,NA,NA
3,1,MS,roots,0.02070230,0.00000000,0.02390884,0.02957325,0.00385582,1.06036629,0.00000000,0.00017332,NA,0.07495176,0.09597735,NA,NA,NA,0.05874234,0.71491942,1.09325909,NA,0.97089004,NA,NA,14.38144389,0.00000000,-245.21579177,0.24175654,NA,2.00119429,8.66542324,0.00005797,0.03462530,22.29994625,NA,0.00000000,0.00007427,0.00000000,NA,NA,148.54678917,2.07602662,0.22967144
4,1,MS,phloem,NA,NA,NA,NA,NA,NA,NA,NA,NA,NA,NA,NA,NA,NA,NA,NA,NA,NA,NA,NA,NA,NA,NA,NA,NA,NA,5.85762696,NA,NA,NA,NA,NA,NA,NA,NA,NA,NA,136.95913100,NA,NA
4,1,MS,roots,0.01955934,0.00000000,0.00440863,0.00551241,0.00071544,1.03288588,0.00000000,0.00017360,NA,0.07302752,0.08974393,NA,NA,NA,0.05665663,0.67544910,1.06350977,NA,0.94532743,NA,NA,14.41396776,0.00000000,-177.89309813,0.22605523,NA,2.01415883,8.69752661,0.00005477,0.03468007,22.48661700,NA,0.00000000,0.00001373,0.00000000,NA,NA,139.39694181,1.96141031,0.21942808
5,1,MS,phloem,NA,NA,NA,NA,NA,NA,NA,NA,NA,NA,NA,NA,NA,NA,NA,NA,NA,NA,NA,NA,NA,NA,NA,NA,NA,NA,5.90903452,NA,NA,NA,NA,NA,NA,NA,NA,NA,NA,141.25028566,NA,NA
5,1,MS,roots,0.01858864,0.00000000,0.00150371,0.00188269,0.00024322,1.00983113,0.00000000,0.00017386,NA,0.07142723,0.08460747,NA,NA,NA,0.05496927,0.64192772,1.03864571,NA,0.92349709,NA,NA,14.44858109,0.00000000,-133.68259320,0.21311705,NA,2.03018352,8.72939217,0.00005205,0.03473211,22.66424081,NA,0.00000000,0.00000465,0.00000000,NA,NA,131.91563464,1.86406887,0.21100397
6,1,MS,phloem,NA,NA,NA,NA,NA,NA,NA,NA,NA,NA,NA,NA,NA,NA,NA,NA,NA,NA,NA,NA,NA,NA,NA,NA,NA,NA,5.92184834,NA,NA,NA,NA,NA,NA,NA,NA,NA,NA,144.05757073,NA,NA
6,1,MS,roots,0.01790535,0.00000000,0.00101923,0.00127551,0.00016409,0.99430097,0.00000000,0.00017411,NA,0.07036164,0.08061402,NA,NA,NA,0.05371269,0.61833155,1.02167586,NA,0.90820172,NA,NA,14.48313477,0.00000000,-101.89631053,0.20305798,NA,2.04683184,8.76084983,0.00005013,0.03478225,22.83253323,NA,0.00000000,0.00000313,0.00000000,NA,NA,125.63367930,1.79554888,0.20468835
7,1,MS,phloem,NA,NA,NA,NA,NA,NA,NA,NA,NA,NA,NA,NA,NA,NA,NA,NA,NA,NA,NA,NA,NA,NA,NA,NA,NA,NA,5.90954539,NA,NA,NA,NA,NA,NA,NA,NA,NA,NA,145.89278791,NA,NA
7,1,MS,roots,0.01744395,0.00000000,0.00052171,0.00065219,0.00008358,0.98452118,0.00000000,0.00017435,NA,0.06970448,0.07745230,NA,NA,NA,0.05277350,0.60239760,1.01071433,NA,0.89784720,NA,NA,14.51784903,0.00000000,-78.34512068,0.19509395,NA,2.06410215,8.79207000,0.00004884,0.03483109,22.99349213,NA,0.00000000,0.00000159,0.00000000,NA,NA,120.23531312,1.74927889,0.19993028
8,1,MS,phloem,NA,NA,NA,NA,NA,NA,NA,NA,NA,NA,NA,NA,NA,NA,NA,NA,NA,NA,NA,NA,NA,NA,NA,NA,NA,NA,5.88152510,NA,NA,NA,NA,NA,NA,NA,NA,NA,NA,147.03582821,NA,NA
8,1,MS,roots,0.01714507,0.00000000,0.00052697,0.00065772,0.00008400,0.97899740,0.00000000,0.00017459,NA,0.06934861,0.07489952,NA,NA,NA,0.05206955,0.59207636,1.00417025,NA,0.89106869,NA,NA,14.55237374,0.00000000,-59.85317678,0.18866378,NA,2.08148180,8.82309423,0.00004801,0.03487910,23.14792706,NA,0.00000000,0.00000159,0.00000000,NA,NA,115.52282963,1.71930745,0.19631768
9,1,MS,phloem,NA,NA,NA,NA,NA,NA,NA,NA,NA,NA,NA,NA,NA,NA,NA,NA,NA,NA,NA,NA,NA,NA,NA,NA,NA,NA,5.83917183,NA,NA,NA,NA,NA,NA,NA,NA,NA,NA,147.69367115,NA,NA
9,1,MS,roots,0.01687269,0.00000000,0.00055052,0.00068581,0.00008731,0.97415356,0.00000000,0.00017483,NA,0.06903882,0.07260500,NA,NA,NA,0.05143004,0.58267018,0.99833226,NA,0.88459757,NA,NA,14.58671459,0.00000000,-45.96393140,0.18288414,NA,2.09894996,8.85392901,0.00004724,0.03492634,23.29649514,NA,0.00000000,0.00000165,0.00000000,NA,NA,111.33323269,1.69199320,0.19307387
10,1,MS,phloem,NA,NA,NA,NA,NA,NA,NA,NA,NA,NA,NA,NA,NA,NA,NA,NA,NA,NA,NA,NA,NA,NA,NA,NA,NA,NA,5.78828561,NA,NA,NA,NA,NA,NA,NA,NA,NA,NA,147.99504635,NA,NA
10,1,MS,roots,0.01666705,0.00000000,0.00056731,0.00070523,0.00008952,0.97112320,0.00000000,0.00017506,NA,0.06885569,0.07061686,NA,NA,NA,0.05089801,0.57556892,0.99435550,NA,0.87948458,NA,NA,14.62094251,0.00000000,-34.45361070,0.17787623,NA,2.11651082,8.88462131,0.00004667,0.03497301,23.43994156,NA,0.00000000,0.00000168,0.00000000,NA,NA,107.57488951,1.67137213,0.19037057
11,1,MS,phloem,NA,NA,NA,NA,NA,NA,NA,NA,NA,NA,NA,NA,NA,NA,NA,NA,NA,NA,NA,NA,NA,NA,NA,NA,NA,NA,5.73301416,NA,NA,NA,NA,NA,NA,NA,NA,NA,NA,147.85910894,NA,NA
11,1,MS,roots,0.01652888,0.00000000,0.00056152,0.00069641,0.00008816,0.96995991,0.00000000,0.00017529,NA,0.06880304,0.06890317,NA,NA,NA,0.05046966,0.57079738,0.99228196,NA,0.87578010,NA,NA,14.65514619,0.00000000,-24.85820107,0.17355962,NA,2.13418562,8.91522277,0.00004628,0.03501929,23.57894531,NA,0.00000000,0.00000165,0.00000000,NA,NA,104.17198904,1.65751624,0.18817587
12,1,MS,phloem,NA,NA,NA,NA,NA,NA,NA,NA,NA,NA,NA,NA,NA,NA,NA,NA,NA,NA,NA,NA,NA,NA,NA,NA,NA,NA,5.67258913,NA,NA,NA,NA,NA,NA,NA,NA,NA,NA,147.21468298,NA,NA
12,1,MS,roots,0.01628212,0.00000000,0.00120037,0.00148488,0.00018752,0.96588999,0.00000000,0.00017552,NA,0.06853871,0.06709931,NA,NA,NA,0.04993658,0.56227579,0.98718456,NA,0.86914240,NA,NA,14.68857468,0.00000000,-17.65828977,0.16901589,NA,2.15133199,8.94552922,0.00004559,0.03506488,23.71261639,NA,0.00000000,0.00000350,0.00000000,NA,NA,101.05681553,1.63277075,0.18557460
13,1,MS,phloem,NA,NA,NA,NA,NA,NA,NA,NA,NA,NA,NA,NA,NA,NA,NA,NA,NA,NA,NA,NA,NA,NA,NA,NA,NA,NA,5.60962658,NA,NA,NA,NA,NA,NA,NA,NA,NA,NA,146.44621120,NA,NA
13,1,MS,roots,0.01592340,0.00000000,0.00245746,0.00303210,0.00038205,0.95880093,0.00000000,0.00017574,NA,0.06805287,0.06520143,NA,NA,NA,0.04929248,0.54988824,0.97894225,NA,0.85950821,NA,NA,14.72049813,0.00000000,-11.84463591,0.16423535,NA,2.16733204,8.97533876,0.00004459,0.03510947,23.84008559,NA,0.00000000,0.00000710,0.00000000,NA,NA,98.19724630,1.59679902,0.18254679
14,1,MS,phloem,NA,NA,NA,NA,NA,NA,NA,NA,NA,NA,NA,NA,NA,NA,NA,NA,NA,NA,NA,NA,NA,NA,NA,NA,NA,NA,5.54589486,NA,NA,NA,NA,NA,NA,NA,NA,NA,NA,145.57451537,NA,NA
14,1,MS,roots,0.01563235,0.00000000,0.00247951,0.00305246,0.00038383,0.95356192,0.00000000,0.00017596,NA,0.06769469,0.06353053,NA,NA,NA,0.04873854,0.53983729,0.97257731,NA,0.85131274,NA,NA,14.75221630,0.00000000,-6.93102877,0.16002652,NA,2.18341785,9.00489302,0.00004377,0.03515324,23.96340837,NA,0.00000000,0.00000711,0.00000000,NA,NA,95.55237312,1.56761246,0.17996376
15,1,MS,phloem,NA,NA,NA,NA,NA,NA,NA,NA,NA,NA,NA,NA,NA,NA,NA,NA,NA,NA,NA,NA,NA,NA,NA,NA,NA,NA,5.47769844,NA,NA,NA,NA,NA,NA,NA,NA,NA,NA,144.60107910,NA,NA
15,1,MS,roots,0.01546125,0.00000000,0.00260672,0.00320147,0.00040182,0.95168486,0.00000000,0.00017618,NA,0.06757009,0.06215747,NA,NA,NA,0.04833420,0.53392844,0.96959310,NA,0.84584176,NA,NA,14.78374227,0.00000000,-2.86299162,0.15656794,NA,2.19948258,9.03427063,0.00004329,0.03519653,24.08310536,NA,0.00000000,0.00000742,0.00000000,NA,NA,93.07561309,1.55045397,0.17806177
16,1,MS,phloem,NA,NA,NA,NA,NA,NA,NA,NA,NA,NA,NA,NA,NA,NA,NA,NA,NA,NA,NA,NA,NA,NA,NA,NA,NA,NA,5.40626958,NA,NA,NA,NA,NA,NA,NA,NA,NA,NA,143.53360766,NA,NA
16,1,MS,roots,0.01544182,0.13827940,0.00337786,0.00413858,0.00051854,0.95423203,0.00337715,0.00017640,NA,0.06775089,0.06111739,NA,NA,NA,0.04811264,0.53325747,0.97099463,NA,0.84390495,NA,NA,14.81538612,0.02604184,0.69139701,0.15394808,NA,2.21568461,9.06349698,0.00004324,0.03523976,24.19908586,NA,0.00000000,0.00000955,0.00000000,NA,NA,90.72255555,1.54850556,0.17698092
17,1,MS,phloem,NA,NA,NA,NA,NA,NA,NA,NA,NA,NA,NA,NA,NA,NA,NA,NA,NA,NA,NA,NA,NA,NA,NA,NA,NA,NA,5.32981378,NA,NA,NA,NA,NA,NA,NA,NA,NA,NA,142.37929487,NA,NA
17,1,MS,roots,0.01551310,0.77475245,0.00348333,0.00425692,0.00053252,0.95965032,0.01958154,0.00017661,NA,0.06812605,0.06027630,NA,NA,NA,0.04800144,0.53571903,0.97516942,NA,0.84400554,NA,NA,14.85074353,0.14501007,3.87376223,0.15182947,NA,2.23552892,9.09274713,0.00004344,0.03528320,24.31259301,NA,0.00000000,0.00000977,0.00000000,NA,NA,88.44972101,1.55565361,0.17640379
18,1,MS,phloem,NA,NA,NA,NA,NA,NA,NA,NA,NA,NA,NA,NA,NA,NA,NA,NA,NA,NA,NA,NA,NA,NA,NA,NA,NA,NA,5.24865761,NA,NA,NA,NA,NA,NA,NA,NA,NA,NA,141.13568326,NA,NA
18,1,MS,roots,0.01563808,1.36111074,0.00433924,0.00528045,0.00065960,0.96710880,0.03563515,0.00017683,NA,0.06863327,0.05956642,NA,NA,NA,0.04797231,0.54003490,0.98121215,NA,0.84529106,NA,NA,14.88876041,0.25308994,6.80555371,0.15004135,NA,2.25790772,9.12194984,0.00004379,0.03532699,24.42298488,NA,0.00000000,0.00001207,0.00000000,NA,NA,86.24244586,1.56818629,0.17617200
19,1,MS,phloem,NA,NA,NA,NA,NA,NA,NA,NA,NA,NA,NA,NA,NA,NA,NA,NA,NA,NA,NA,NA,NA,NA,NA,NA,NA,NA,5.16334746,NA,NA,NA,NA,NA,NA,NA,NA,NA,NA,139.80658057,NA,NA
19,1,MS,roots,0.01575252,1.89898796,0.00450886,0.00545704,0.00068076,0.97479269,0.05155684,0.00017705,NA,0.06914525,0.05886947,NA,NA,NA,0.04794777,0.54398719,0.98729898,NA,0.84614429,NA,NA,14.92976692,0.35066785,9.49493978,0.14828582,NA,2.28316171,9.15119569,0.00004411,0.03537109,24.53114200,NA,0.00000000,0.00001241,0.00000000,NA,NA,84.09546673,1.57966319,0.17596249
20,1,MS,phloem,NA,NA,NA,NA,NA,NA,NA,NA,NA,NA,NA,NA,NA,NA,NA,NA,NA,NA,NA,NA,NA,NA,NA,NA,NA,NA,5.07402069,NA,NA,NA,NA,NA,NA,NA,NA,NA,NA,138.39426529,NA,NA
20,1,MS,roots,0.01589656,2.39829171,0.00550840,0.00662214,0.00082510,0.98399406,0.06756754,0.00017728,NA,0.06975003,0.05825728,NA,NA,NA,0.04797669,0.54896111,0.99468271,NA,0.84758157,NA,NA,14.97267937,0.43964906,11.99145853,0.14674377,NA,2.31017760,9.18038220,0.00004451,0.03541560,24.63624190,NA,0.00000000,0.00001500,0.00000000,NA,NA,81.99913866,1.59410675,0.17598400
21,1,MS,phloem,NA,NA,NA,NA,NA,NA,NA,NA,NA,NA,NA,NA,NA,NA,NA,NA,NA,NA,NA,NA,NA,NA,NA,NA,NA,NA,5.00623242,NA,NA,NA,NA,NA,NA,NA,NA,NA,NA,137.20285886,NA,NA
21,1,MS,roots,0.01611288,2.91130816,0.00576325,0.00687692,0.00085591,0.99615390,0.08520573,0.00017750,NA,0.07055076,0.05780439,NA,NA,NA,0.04811021,0.55643148,1.00482161,NA,0.85076259,NA,NA,15.01837978,0.53113636,14.55654081,0.14560299,NA,2.33976513,9.20968444,0.00004512,0.03546072,24.73949807,NA,0.00000000,0.00001551,0.00000000,NA,NA,79.94505904,1.61579967,0.17646536
22,1,MS,phloem,NA,NA,NA,NA,NA,NA,NA,NA,NA,NA,NA,NA,NA,NA,NA,NA,NA,NA,NA,NA,NA,NA,NA,NA,NA,NA,4.92335560,NA,NA,NA,NA,NA,NA,NA,NA,NA,NA,136.56741307,NA,NA
22,1,MS,roots,0.01641758,3.59182283,0.00992997,0.01174850,0.00146077,1.01222785,0.10915488,0.00017773,NA,0.07160350,0.05756162,NA,NA,NA,0.04838163,0.56695366,1.01849494,NA,0.85627430,NA,NA,15.06374591,0.64743926,17.95911417,0.14499148,NA,2.36871369,9.23860977,0.00004597,0.03550669,24.83667240,NA,0.00000000,0.00002638,0.00000000,NA,NA,77.94429464,1.64635462,0.17754675
23,1,MS,phloem,NA,NA,NA,NA,NA,NA,NA,NA,NA,NA,NA,NA,NA,NA,NA,NA,NA,NA,NA,NA,NA,NA,NA,NA,NA,NA,4.84092132,NA,NA,NA,NA,NA,NA,NA,NA,NA,NA,135.89018362,NA,NA
23,1,MS,roots,0.01677279,4.18484902,0.01000813,0.01174296,0.00145894,1.03106401,0.13222269,0.00017797,NA,0.07283571,0.05744126,NA,NA,NA,0.04873389,0.57922019,1.03465347,NA,0.86307830,NA,NA,15.11234704,0.74540060,20.92424508,0.14468831,NA,2.40054203,9.26781148,0.00004696,0.03555365,24.93287537,NA,0.00000000,0.00002627,0.00000000,NA,NA,75.97717072,1.68197493,0.17901086
24,1,MS,phloem,NA,NA,NA,NA,NA,NA,NA,NA,NA,NA,NA,NA,NA,NA,NA,NA,NA,NA,NA,NA,NA,NA,NA,NA,NA,NA,4.75349296,NA,NA,NA,NA,NA,NA,NA,NA,NA,NA,134.59341879,NA,NA
24,1,MS,roots,0.01700505,4.59668545,0.00817712,0.00950404,0.00117994,1.04694038,0.15125728,0.00017820,NA,0.07384670,0.05711803,NA,NA,NA,0.04895686,0.58724118,1.04761198,NA,0.86633017,NA,NA,15.16500563,0.81171547,22.98342726,0.14387413,NA,2.43619557,9.29744210,0.00004761,0.03560127,25.02995650,NA,0.00000000,0.00002118,0.00000000,NA,NA,74.03560782,1.70526677,0.17992160
25,1,MS,phloem,NA,NA,NA,NA,NA,NA,NA,NA,NA,NA,NA,NA,NA,NA,NA,NA,NA,NA,NA,NA,NA,NA,NA,NA,NA,NA,4.66781541,NA,NA,NA,NA,NA,NA,NA,NA,NA,NA,133.80512260,NA,NA
25,1,MS,roots,0.01709395,5.13863098,0.01109878,0.01275965,0.00158303,1.05912904,0.17599335,0.00017844,NA,0.07457580,0.05658810,NA,NA,NA,0.04903245,0.59031092,1.05653471,NA,0.86550420,NA,NA,15.21727523,0.89631026,25.69315490,0.14253929,NA,2.47137122,9.32667208,0.00004786,0.03564913,25.12201715,NA,0.00000000,0.00002832,0.00000000,NA,NA,72.15877646,1.71418086,0.18019635
26,1,MS,phloem,NA,NA,NA,NA,NA,NA,NA,NA,NA,NA,NA,NA,NA,NA,NA,NA,NA,NA,NA,NA,NA,NA,NA,NA,NA,NA,4.58382635,NA,NA,NA,NA,NA,NA,NA,NA,NA,NA,133.20766420,NA,NA
26,1,MS,roots,0.01719223,5.73767206,0.01547499,0.01760095,0.00218250,1.07271060,0.20427411,0.00017868,NA,0.07537818,0.05613606,NA,NA,NA,0.04914242,0.59370502,1.06646221,NA,0.86480215,NA,NA,15.26783932,0.98719892,28.68836028,0.14140067,NA,2.50474308,9.35530731,0.00004814,0.03569727,25.20762106,NA,0.00000000,0.00003892,0.00000000,NA,NA,70.35347761,1.72403684,0.18065667
27,1,MS,phloem,NA,NA,NA,NA,NA,NA,NA,NA,NA,NA,NA,NA,NA,NA,NA,NA,NA,NA,NA,NA,NA,NA,NA,NA,NA,NA,4.49491336,NA,NA,NA,NA,NA,NA,NA,NA,NA,NA,132.06725255,NA,NA
27,1,MS,roots,0.01739762,6.10749533,0.00964144,0.01085663,0.00134576,1.09093092,0.22671433,0.00017893,NA,0.07650599,0.05589504,NA,NA,NA,0.04940456,0.60079771,1.08094356,NA,0.86680948,NA,NA,15.32591336,1.03934404,30.53747663,0.14079356,NA,2.54541950,9.38488258,0.00004871,0.03574598,25.29876480,NA,0.00000000,0.00002393,0.00000000,NA,NA,68.57148381,1.74463304,0.18180559
28,1,MS,phloem,NA,NA,NA,NA,NA,NA,NA,NA,NA,NA,NA,NA,NA,NA,NA,NA,NA,NA,NA,NA,NA,NA,NA,NA,NA,NA,4.39889220,NA,NA,NA,NA,NA,NA,NA,NA,NA,NA,130.08975964,NA,NA
28,1,MS,roots,0.01746760,6.26441342,0.00586699,0.00652384,0.00080831,1.10523633,0.24291730,0.00017917,NA,0.07734893,0.05541469,NA,NA,NA,0.04952003,0.60321429,1.09136015,NA,0.86442965,NA,NA,15.38835970,1.05913330,31.32206711,0.13958359,NA,2.59039825,9.41494427,0.00004891,0.03579489,25.39258916,NA,0.00000000,0.00001433,0.00000000,NA,NA,66.80185104,1.75165046,0.18228365
29,1,MS,phloem,NA,NA,NA,NA,NA,NA,NA,NA,NA,NA,NA,NA,NA,NA,NA,NA,NA,NA,NA,NA,NA,NA,NA,NA,NA,NA,4.30074762,NA,NA,NA,NA,NA,NA,NA,NA,NA,NA,127.76832666,NA,NA
29,1,MS,roots,0.01740262,6.29310421,0.00516798,0.00566691,0.00070178,1.11552611,0.25503244,0.00017942,NA,0.07789042,0.05470411,NA,NA,NA,0.04947361,0.60097055,1.09750621,NA,0.85753584,NA,NA,15.45138394,1.05914563,31.46552106,0.13779373,NA,2.63601987,9.44490078,0.00004873,0.03584362,25.48519292,NA,0.00000000,0.00001240,0.00000000,NA,NA,65.04563774,1.74513494,0.18206814
30,1,MS,phloem,NA,NA,NA,NA,NA,NA,NA,NA,NA,NA,NA,NA,NA,NA,NA,NA,NA,NA,NA,NA,NA,NA,NA,NA,NA,NA,4.20429464,NA,NA,NA,NA,NA,NA,NA,NA,NA,NA,125.41477385,NA,NA
30,1,MS,roots,0.01720825,6.26449154,0.00530374,0.00573487,0.00070987,1.12172912,0.26528573,0.00017966,NA,0.07812538,0.05378072,NA,NA,NA,0.04925666,0.59425815,1.09933913,NA,0.84623393,NA,NA,15.51373233,1.05002654,31.32245770,0.13546781,NA,2.68116001,9.47447889,0.00004818,0.03589180,25.57527226,NA,0.00000000,0.00001250,0.00000000,NA,NA,63.31325981,1.72564306,0.18116276
31,1,MS,phloem,NA,NA,NA,NA,NA,NA,NA,NA,NA,NA,NA,NA,NA,NA,NA,NA,NA,NA,NA,NA,NA,NA,NA,NA,NA,NA,4.11317193,NA,NA,NA,NA,NA,NA,NA,NA,NA,NA,123.06276519,NA,NA
31,1,MS,roots,0.01698252,6.19034632,0.00859217,0.00916468,0.00113396,1.12769871,0.27358053,0.00017989,NA,0.07831263,0.05283750,NA,NA,NA,0.04900174,0.58646317,1.10051596,NA,0.83337653,NA,NA,15.57206160,1.03451108,30.95173161,0.13309195,NA,2.72250675,9.50320570,0.00004755,0.03593935,25.65943674,NA,0.00000000,0.00001991,0.00000000,NA,NA,61.60255577,1.70300754,0.18015187
32,1,MS,phloem,NA,NA,NA,NA,NA,NA,NA,NA,NA,NA,NA,NA,NA,NA,NA,NA,NA,NA,NA,NA,NA,NA,NA,NA,NA,NA,4.02430890,NA,NA,NA,NA,NA,NA,NA,NA,NA,NA,120.72003676,NA,NA
32,1,MS,roots,0.01650639,6.16159873,0.01116018,0.01175840,0.00145451,1.12391779,0.28373189,0.00018012,NA,0.07780435,0.05147053,NA,NA,NA,0.04837976,0.57002064,1.09196899,NA,0.81258676,NA,NA,15.62695938,1.02701164,30.80799367,0.12964870,NA,2.76089814,9.53089645,0.00004622,0.03598557,25.73780337,NA,0.00000000,0.00002546,0.00000000,NA,NA,59.95641366,1.65526071,0.17765464
33,1,MS,phloem,NA,NA,NA,NA,NA,NA,NA,NA,NA,NA,NA,NA,NA,NA,NA,NA,NA,NA,NA,NA,NA,NA,NA,NA,NA,NA,3.94383506,NA,NA,NA,NA,NA,NA,NA,NA,NA,NA,118.40937993,NA,NA
33,1,MS,roots,0.01622405,5.99829333,0.01317123,0.01372349,0.00169736,1.12877696,0.28758606,0.00018035,NA,0.07786819,0.05050063,NA,NA,NA,0.04803288,0.56027063,1.09148704,NA,0.79686158,NA,NA,15.67875596,0.99891916,29.99146667,0.12720562,NA,2.79647067,9.55781161,0.00004543,0.03603100,25.81172803,NA,0.00000000,0.00002962,0.00000000,NA,NA,58.32706620,1.62694802,0.17640170
34,1,MS,phloem,NA,NA,NA,NA,NA,NA,NA,NA,NA,NA,NA,NA,NA,NA,NA,NA,NA,NA,NA,NA,NA,NA,NA,NA,NA,NA,3.86924828,NA,NA,NA,NA,NA,NA,NA,NA,NA,NA,116.13351769,NA,NA
34,1,MS,roots,0.01566221,5.88949633,0.01660073,0.01712106,0.00211748,1.12201552,0.29341763,0.00018057,NA,0.07711207,0.04905064,NA,NA,NA,0.04726749,0.54086848,1.07957447,NA,0.77238731,NA,NA,15.72591142,0.98110881,29.44748166,0.12355326,NA,2.82796392,9.58345531,0.00004385,0.03607485,25.87897517,NA,0.00000000,0.00003685,0.00000000,NA,NA,56.76306160,1.57060688,0.17343020
35,1,MS,phloem,NA,NA,NA,NA,NA,NA,NA,NA,NA,NA,NA,NA,NA,NA,NA,NA,NA,NA,NA,NA,NA,NA,NA,NA,NA,NA,3.79733539,NA,NA,NA,NA,NA,NA,NA,NA,NA,NA,113.90560470,NA,NA
35,1,MS,roots,0.01493576,5.77961750,0.01457854,0.01490200,0.00184317,1.10729570,0.29905003,0.00018078,NA,0.07581931,0.04733037,NA,NA,NA,0.04623964,0.51578145,1.06024665,NA,0.74285224,NA,NA,15.77362138,0.96339184,28.89808750,0.11922009,NA,2.86073812,9.60833609,0.00004182,0.03611667,25.94476246,NA,0.00000000,0.00003199,0.00000000,NA,NA,55.28831527,1.49775765,0.16938933
36,1,MS,phloem,NA,NA,NA,NA,NA,NA,NA,NA,NA,NA,NA,NA,NA,NA,NA,NA,NA,NA,NA,NA,NA,NA,NA,NA,NA,NA,3.72660918,NA,NA,NA,NA,NA,NA,NA,NA,NA,NA,111.68738690,NA,NA
36,1,MS,roots,0.01466872,5.66326782,0.01038140,0.01051521,0.00130066,1.11300360,0.30477662,0.00018099,NA,0.07592349,0.04649945,NA,NA,NA,0.04591449,0.50655995,1.06049750,NA,0.72646310,NA,NA,15.82473399,0.94481510,28.31633910,0.11712707,NA,2.89718200,9.63319380,0.00004107,0.03615775,26.01279883,NA,0.00000000,0.00002252,0.00000000,NA,NA,53.83456854,1.47097968,0.16833743
37,1,MS,phloem,NA,NA,NA,NA,NA,NA,NA,NA,NA,NA,NA,NA,NA,NA,NA,NA,NA,NA,NA,NA,NA,NA,NA,NA,NA,NA,3.66221975,NA,NA,NA,NA,NA,NA,NA,NA,NA,NA,109.47501632,NA,NA
37,1,MS,roots,0.01445313,5.54402210,0.01870310,0.01875229,0.00231944,1.12241817,0.30949600,0.00018119,NA,0.07623376,0.04581042,NA,NA,NA,0.04569155,0.49911459,1.06364080,NA,0.71102894,NA,NA,15.86688846,0.92730871,27.72011050,0.11539148,NA,2.92488335,9.65650115,0.00004047,0.03619821,26.07069390,NA,0.00000000,0.00004005,0.00000000,NA,NA,52.39362690,1.44935939,0.16773572
38,1,MS,phloem,NA,NA,NA,NA,NA,NA,NA,NA,NA,NA,NA,NA,NA,NA,NA,NA,NA,NA,NA,NA,NA,NA,NA,NA,NA,NA,3.60624455,NA,NA,NA,NA,NA,NA,NA,NA,NA,NA,107.30780652,NA,NA
38,1,MS,roots,0.01390821,5.37634214,0.02550286,0.02537818,0.00313960,1.11664841,0.31042305,0.00018138,NA,0.07548493,0.04453082,NA,NA,NA,0.04492634,0.48029699,1.05206105,NA,0.68547143,NA,NA,15.90097714,0.90340140,26.88171071,0.11216830,NA,2.94506382,9.67809133,0.00003894,0.03623716,26.11911599,NA,0.00000000,0.00005408,0.00000000,NA,NA,51.00674985,1.39471570,0.16494208
39,1,MS,phloem,NA,NA,NA,NA,NA,NA,NA,NA,NA,NA,NA,NA,NA,NA,NA,NA,NA,NA,NA,NA,NA,NA,NA,NA,NA,NA,3.55473736,NA,NA,NA,NA,NA,NA,NA,NA,NA,NA,105.24012127,NA,NA
39,1,MS,roots,0.01293911,5.14863886,0.01786246,0.01767970,0.00218803,1.08840914,0.30767240,0.00018156,NA,0.07325837,0.04245919,NA,NA,NA,0.04345042,0.44683073,1.02000889,NA,0.64774780,NA,NA,15.94048392,0.86953810,25.74319432,0.10695010,NA,2.97163148,9.69929180,0.00003623,0.03627339,26.17116447,NA,0.00000000,0.00003760,0.00000000,NA,NA,49.72775346,1.29753433,0.15916798
40,1,MS,phloem,NA,NA,NA,NA,NA,NA,NA,NA,NA,NA,NA,NA,NA,NA,NA,NA,NA,NA,NA,NA,NA,NA,NA,NA,NA,NA,3.50343476,NA,NA,NA,NA,NA,NA,NA,NA,NA,NA,103.18480021,NA,NA
40,1,MS,roots,0.01230380,5.09792019,0.02127980,0.02091005,0.00258832,1.07536667,0.31453376,0.00018174,NA,0.07206363,0.04107168,NA,NA,NA,0.04252528,0.42489108,1.00242191,NA,0.62031640,NA,NA,15.97558340,0.86544873,25.48960094,0.10345511,NA,2.99442717,9.71911684,0.00003445,0.03630784,26.21708389,NA,0.00000000,0.00004439,0.00000000,NA,NA,48.53326648,1.23382464,0.15566058
41,1,MS,phloem,NA,NA,NA,NA,NA,NA,NA,NA,NA,NA,NA,NA,NA,NA,NA,NA,NA,NA,NA,NA,NA,NA,NA,NA,NA,NA,3.45749308,NA,NA,NA,NA,NA,NA,NA,NA,NA,NA,101.36473663,NA,NA
41,1,MS,roots,0.01197961,4.91768400,0.02064035,0.02015979,0.00249617,1.07733417,0.31330097,0.00018190,NA,0.07186806,0.04027609,NA,NA,NA,0.04207631,0.41369579,0.99877877,NA,0.60138725,NA,NA,16.01031524,0.83869691,24.58841999,0.10145110,NA,3.01717939,9.73836893,0.00003354,0.03634138,26.26185967,NA,0.00000000,0.00004272,0.00000000,NA,NA,47.35872679,1.20131508,0.15422045
42,1,MS,phloem,NA,NA,NA,NA,NA,NA,NA,NA,NA,NA,NA,NA,NA,NA,NA,NA,NA,NA,NA,NA,NA,NA,NA,NA,NA,NA,3.41385249,NA,NA,NA,NA,NA,NA,NA,NA,NA,NA,99.39962855,NA,NA
42,1,MS,roots,0.01155297,4.68911880,0.01326950,0.01288257,0.00159555,1.07368032,0.30911711,0.00018207,NA,0.07130811,0.03928751,NA,NA,NA,0.04145500,0.39896271,0.99011559,NA,0.57934348,NA,NA,16.05109796,0.80523238,23.44559400,0.09896099,NA,3.04640915,9.75774229,0.00003235,0.03637373,26.31172830,NA,0.00000000,0.00002725,0.00000000,NA,NA,46.21217701,1.15853224,0.15205061
43,1,MS,phloem,NA,NA,NA,NA,NA,NA,NA,NA,NA,NA,NA,NA,NA,NA,NA,NA,NA,NA,NA,NA,NA,NA,NA,NA,NA,NA,3.37489812,NA,NA,NA,NA,NA,NA,NA,NA,NA,NA,97.48870577,NA,NA
43,1,MS,roots,0.01108414,4.48373287,0.01502484,0.01447144,0.00179250,1.06750392,0.30549512,0.00018222,NA,0.07057337,0.03823747,NA,NA,NA,0.04077552,0.38277234,0.97907840,NA,0.55614148,NA,NA,16.08883821,0.77609716,22.41866433,0.09631603,NA,3.07306525,9.77609708,0.00003104,0.03640476,26.35774574,NA,0.00000000,0.00003056,0.00000000,NA,NA,45.10318717,1.11151766,0.14958636
44,1,MS,phloem,NA,NA,NA,NA,NA,NA,NA,NA,NA,NA,NA,NA,NA,NA,NA,NA,NA,NA,NA,NA,NA,NA,NA,NA,NA,NA,3.33927003,NA,NA,NA,NA,NA,NA,NA,NA,NA,NA,95.64780342,NA,NA
44,1,MS,roots,0.01042025,4.29528093,0.01467542,0.01403329,0.00173845,1.04950426,0.30210560,0.00018237,NA,0.06907139,0.03682853,NA,NA,NA,0.03974860,0.35984585,0.95747372,NA,0.52795481,NA,NA,16.12534772,0.74978736,21.47640464,0.09276709,NA,3.09915451,9.79350020,0.00002918,0.03643394,26.40142292,NA,0.00000000,0.00002958,0.00000000,NA,NA,44.06319973,1.04494233,0.14564853
45,1,MS,phloem,NA,NA,NA,NA,NA,NA,NA,NA,NA,NA,NA,NA,NA,NA,NA,NA,NA,NA,NA,NA,NA,NA,NA,NA,NA,NA,3.48465927,NA,NA,NA,NA,NA,NA,NA,NA,NA,NA,96.84547411,NA,NA
45,1,MS,roots,0.00957358,4.83292630,0.07319265,0.06949486,0.00861013,1.02131312,0.34316311,0.00018250,NA,0.06682803,0.03523430,NA,NA,NA,0.03844572,0.33060778,0.92569493,NA,0.49754524,NA,NA,16.10498399,0.86948314,24.16463152,0.08875138,NA,3.06921720,9.80292052,0.00002681,0.03646075,26.38663801,NA,0.00000000,0.00014624,0.00000000,NA,NA,43.22521832,0.96003904,0.14050804
46,1,MS,phloem,NA,NA,NA,NA,NA,NA,NA,NA,NA,NA,NA,NA,NA,NA,NA,NA,NA,NA,NA,NA,NA,NA,NA,NA,NA,NA,3.63510574,NA,NA,NA,NA,NA,NA,NA,NA,NA,NA,100.97018755,NA,NA
46,1,MS,roots,0.00912734,6.03596420,0.14651070,0.14037078,0.01741785,1.01474265,0.42066532,0.00018263,NA,0.06591492,0.03457206,NA,NA,NA,0.03772505,0.31519744,0.91240709,NA,0.48094853,NA,NA,16.01573878,1.08652705,30.17982101,0.08708327,NA,2.97084466,9.80289099,0.00002556,0.03648630,26.29955717,NA,0.00000000,0.00029554,0.00000000,NA,NA,42.62750293,0.91528955,0.13821202
47,1,MS,phloem,NA,NA,NA,NA,NA,NA,NA,NA,NA,NA,NA,NA,NA,NA,NA,NA,NA,NA,NA,NA,NA,NA,NA,NA,NA,NA,3.78732903,NA,NA,NA,NA,NA,NA,NA,NA,NA,NA,105.12861326,NA,NA
47,1,MS,roots,0.00923548,7.25263533,0.14834241,0.14636711,0.01822199,1.03723834,0.49444314,0.00018276,NA,0.06692693,0.03500625,NA,NA,NA,0.03779868,0.31893177,0.92575943,NA,0.48070847,NA,NA,15.93043485,1.30640534,36.26317666,0.08817696,NA,2.87630525,9.80201206,0.00002586,0.03651216,26.20693831,NA,0.00000000,0.00030919,0.00000000,NA,NA,42.19047907,0.92613353,0.13973186
48,1,MS,phloem,NA,NA,NA,NA,NA,NA,NA,NA,NA,NA,NA,NA,NA,NA,NA,NA,NA,NA,NA,NA,NA,NA,NA,NA,NA,NA,4.04970489,NA,NA,NA,NA,NA,NA,NA,NA,NA,NA,110.75763213,NA,NA
48,1,MS,roots,0.00952547,9.10405545,0.24303462,0.24685821,0.03083848,1.07329524,0.58485585,0.00018289,NA,0.06862410,0.03604546,NA,NA,NA,0.03826809,0.32894606,0.94854249,NA,0.48848060,NA,NA,15.76051456,1.66438814,45.52027726,0.09079462,NA,2.69685949,9.78868579,0.00002667,0.03653883,26.01509680,NA,0.00000000,0.00052331,0.00000000,NA,NA,41.98018735,0.95521364,0.14293766
49,1,MS,phloem,NA,NA,NA,NA,NA,NA,NA,NA,NA,NA,NA,NA,NA,NA,NA,NA,NA,NA,NA,NA,NA,NA,NA,NA,NA,NA,4.26916627,NA,NA,NA,NA,NA,NA,NA,NA,NA,NA,115.45293975,NA,NA
49,1,MS,roots,0.00989992,10.57215438,0.20375250,0.21919202,0.02754674,1.11071818,0.64691959,0.00018303,NA,0.07051287,0.03723873,NA,NA,NA,0.03866088,0.34187738,0.97391071,NA,0.49997059,NA,NA,15.63921275,1.95466157,52.86077191,0.09380033,NA,2.56565776,9.77900994,0.00002772,0.03656655,25.85282819,NA,0.00000000,0.00046809,0.00000000,NA,NA,41.92875002,0.99276439,0.14641247
50,1,MS,phloem,NA,NA,NA,NA,NA,NA,NA,NA,NA,NA,NA,NA,NA,NA,NA,NA,NA,NA,NA,NA,NA,NA,NA,NA,NA,NA,4.39472353,NA,NA,NA,NA,NA,NA,NA,NA,NA,NA,118.30524857,NA,NA
50,1,MS,roots,0.01004639,11.34714871,0.13939125,0.15667736,0.01979427,1.12767246,0.67695231,0.00018317,NA,0.07128532,0.03781380,NA,NA,NA,0.03868844,0.34693538,0.98382282,NA,0.50505677,NA,NA,15.58743853,2.10758111,56.73574355,0.09524887,NA,2.50383714,9.77725501,0.00002813,0.03659468,25.75415247,NA,0.00000000,0.00033669,0.00000000,NA,NA,41.96959234,1.00745211,0.14778756
51,1,MS,phloem,NA,NA,NA,NA,NA,NA,NA,NA,NA,NA,NA,NA,NA,NA,NA,NA,NA,NA,NA,NA,NA,NA,NA,NA,NA,NA,4.46308878,NA,NA,NA,NA,NA,NA,NA,NA,NA,NA,119.75276076,NA,NA
51,1,MS,roots,0.00997325,11.60019987,0.10652264,0.12222891,0.01549852,1.12622961,0.68309782,0.00018331,NA,0.07100244,0.03781024,NA,NA,NA,0.03843176,0.34440966,0.97917154,NA,0.50351634,NA,NA,15.57032966,2.16165045,58.00099933,0.09523990,NA,2.47675503,9.77974725,0.00002793,0.03662261,25.69009432,NA,0.00000000,0.00026367,0.00000000,NA,NA,42.05964748,1.00011778,0.14724444
52,1,MS,phloem,NA,NA,NA,NA,NA,NA,NA,NA,NA,NA,NA,NA,NA,NA,NA,NA,NA,NA,NA,NA,NA,NA,NA,NA,NA,NA,4.42748553,NA,NA,NA,NA,NA,NA,NA,NA,NA,NA,117.16720748,NA,NA
52,1,MS,roots,0.00986500,10.62930446,0.03223382,0.03729797,0.00474235,1.11785186,0.63745194,0.00018345,NA,0.07045219,0.03747814,NA,NA,NA,0.03809669,0.34067124,0.97085101,NA,0.49816384,NA,NA,15.62372891,2.00828767,53.14652229,0.09440337,NA,2.52028928,9.79290923,0.00002762,0.03665023,25.71077257,NA,0.00000000,0.00008066,0.00000000,NA,NA,42.02500686,0.98926194,0.14602701
53,1,MS,phloem,NA,NA,NA,NA,NA,NA,NA,NA,NA,NA,NA,NA,NA,NA,NA,NA,NA,NA,NA,NA,NA,NA,NA,NA,NA,NA,4.36140544,NA,NA,NA,NA,NA,NA,NA,NA,NA,NA,114.44889874,NA,NA
53,1,MS,roots,0.00942711,9.57028685,0.01968834,0.02240056,0.00284972,1.08992359,0.58723235,0.00018358,NA,0.06867193,0.03642696,NA,NA,NA,0.03735419,0.32554963,0.94563746,NA,0.48281243,NA,NA,15.68394415,1.82351694,47.85143427,0.09175557,NA,2.57107740,9.80745994,0.00002640,0.03667663,25.74473157,NA,0.00000000,0.00004840,0.00000000,NA,NA,41.90155460,0.94535088,0.14245308
54,1,MS,phloem,NA,NA,NA,NA,NA,NA,NA,NA,NA,NA,NA,NA,NA,NA,NA,NA,NA,NA,NA,NA,NA,NA,NA,NA,NA,NA,4.29114926,NA,NA,NA,NA,NA,NA,NA,NA,NA,NA,111.92441640,NA,NA
54,1,MS,roots,0.00887510,8.72596323,0.01569494,0.01752234,0.00222950,1.05678950,0.54803458,0.00018370,NA,0.06655935,0.03517990,NA,NA,NA,0.03646138,0.30648663,0.91592588,NA,0.46469912,NA,NA,15.74304850,1.67275434,43.62981617,0.08861435,NA,2.62130666,9.82201435,0.00002485,0.03670148,25.78158847,NA,0.00000000,0.00003781,0.00000000,NA,NA,41.73719421,0.88999459,0.13820062
55,1,MS,phloem,NA,NA,NA,NA,NA,NA,NA,NA,NA,NA,NA,NA,NA,NA,NA,NA,NA,NA,NA,NA,NA,NA,NA,NA,NA,NA,4.22197429,NA,NA,NA,NA,NA,NA,NA,NA,NA,NA,109.70909362,NA,NA
55,1,MS,roots,0.00850556,8.04920316,0.00939063,0.01029569,0.00131007,1.03627813,0.51830609,0.00018382,NA,0.06524211,0.03432971,NA,NA,NA,0.03590387,0.29372539,0.89721706,NA,0.45167045,NA,NA,15.80438602,1.54880182,40.24601579,0.08647282,NA,2.67413862,9.83704818,0.00002382,0.03672529,25.82427186,NA,0.00000000,0.00002219,0.00000000,NA,NA,41.52890606,0.85293771,0.13547569
56,1,MS,phloem,NA,NA,NA,NA,NA,NA,NA,NA,NA,NA,NA,NA,NA,NA,NA,NA,NA,NA,NA,NA,NA,NA,NA,NA,NA,NA,4.15032589,NA,NA,NA,NA,NA,NA,NA,NA,NA,NA,107.46364796,NA,NA
56,1,MS,roots,0.00813673,7.60741800,0.01075671,0.01157723,0.00147295,1.01677829,0.50145134,0.00018394,NA,0.06398112,0.03351340,NA,NA,NA,0.03537133,0.28098845,0.87933038,NA,0.43905109,NA,NA,15.86143133,1.46902066,38.03709001,0.08441662,NA,2.72304719,9.85148297,0.00002278,0.03674808,25.86429480,NA,0.00000000,0.00002491,0.00000000,NA,NA,41.31080469,0.81595140,0.13286585
57,1,MS,phloem,NA,NA,NA,NA,NA,NA,NA,NA,NA,NA,NA,NA,NA,NA,NA,NA,NA,NA,NA,NA,NA,NA,NA,NA,NA,NA,4.08127171,NA,NA,NA,NA,NA,NA,NA,NA,NA,NA,105.32878460,NA,NA
57,1,MS,roots,0.00789375,7.14919610,0.01195686,0.01265554,0.00161001,1.00540102,0.48197980,0.00018405,NA,0.06321668,0.03294894,NA,NA,NA,0.03504079,0.27259745,0.86830196,NA,0.42950410,NA,NA,15.91454349,1.38508253,35.74598048,0.08299481,NA,2.76826561,9.86545600,0.00002210,0.03677018,25.90224340,NA,0.00000000,0.00002718,0.00000000,NA,NA,41.06162513,0.79158509,0.13120642
58,1,MS,phloem,NA,NA,NA,NA,NA,NA,NA,NA,NA,NA,NA,NA,NA,NA,NA,NA,NA,NA,NA,NA,NA,NA,NA,NA,NA,NA,4.01566384,NA,NA,NA,NA,NA,NA,NA,NA,NA,NA,103.28765140,NA,NA
58,1,MS,roots,0.00771097,6.71733070,0.01217148,0.01268942,0.00161424,0.99829587,0.46307465,0.00018416,NA,0.06270641,0.03250326,NA,NA,NA,0.03480294,0.26628562,0.86078771,NA,0.42122767,NA,NA,15.96498639,1.30579704,33.58665352,0.08187220,NA,2.81099753,9.87914487,0.00002159,0.03679177,25.93933110,NA,0.00000000,0.00002722,0.00000000,NA,NA,40.77614662,0.77325642,0.13001261
59,1,MS,phloem,NA,NA,NA,NA,NA,NA,NA,NA,NA,NA,NA,NA,NA,NA,NA,NA,NA,NA,NA,NA,NA,NA,NA,NA,NA,NA,3.95551672,NA,NA,NA,NA,NA,NA,NA,NA,NA,NA,101.29934464,NA,NA
59,1,MS,roots,0.00759469,6.22277477,0.00913544,0.00939205,0.00119472,0.99585827,0.43926773,0.00018426,NA,0.06247446,0.03217345,NA,NA,NA,0.03466492,0.26227009,0.85710837,NA,0.41403844,NA,NA,16.01591212,1.21492837,31.11387383,0.08104144,NA,2.85432857,9.89301493,0.00002127,0.03681303,25.97904958,NA,0.00000000,0.00002012,0.00000000,NA,NA,40.43512095,0.76159589,0.12931284
60,1,MS,phloem,NA,NA,NA,NA,NA,NA,NA,NA,NA,NA,NA,NA,NA,NA,NA,NA,NA,NA,NA,NA,NA,NA,NA,NA,NA,NA,3.89968032,NA,NA,NA,NA,NA,NA,NA,NA,NA,NA,99.35957781,NA,NA
60,1,MS,roots,0.00748162,5.79214527,0.00701625,0.00711413,0.00090484,0.99453619,0.41910039,0.00018437,NA,0.06229740,0.03184833,NA,NA,NA,0.03453527,0.25836529,0.85419306,NA,0.40652521,NA,NA,16.06675416,1.13665514,28.96072636,0.08022249,NA,2.89768899,9.90692183,0.00002095,0.03683398,26.02035623,NA,0.00000000,0.00001521,0.00000000,NA,NA,40.04729190,0.75025690,0.12868099
61,1,MS,phloem,NA,NA,NA,NA,NA,NA,NA,NA,NA,NA,NA,NA,NA,NA,NA,NA,NA,NA,NA,NA,NA,NA,NA,NA,NA,NA,3.84738504,NA,NA,NA,NA,NA,NA,NA,NA,NA,NA,97.52529415,NA,NA
61,1,MS,roots,0.00729937,5.44078346,0.00611312,0.00611473,0.00077759,0.98955931,0.40360979,0.00018447,NA,0.06188117,0.03139073,NA,NA,NA,0.03428753,0.25207158,0.84801538,NA,0.39710848,NA,NA,16.11654172,1.07319794,27.20391731,0.07906984,NA,2.94017718,9.92062985,0.00002044,0.03685442,26.06175142,NA,0.00000000,0.00001306,0.00000000,NA,NA,39.63448790,0.73198083,0.12755942
62,1,MS,phloem,NA,NA,NA,NA,NA,NA,NA,NA,NA,NA,NA,NA,NA,NA,NA,NA,NA,NA,NA,NA,NA,NA,NA,NA,NA,NA,3.79774106,NA,NA,NA,NA,NA,NA,NA,NA,NA,NA,95.72749290,NA,NA
62,1,MS,roots,0.00707084,5.12746624,0.00612558,0.00604757,0.00076889,0.98192865,0.38983719,0.00018457,NA,0.06129172,0.03084410,NA,NA,NA,0.03395409,0.24417969,0.83948666,NA,0.38647141,NA,NA,16.16447451,1.01709491,25.63733120,0.07769295,NA,2.98103913,9.93397377,0.00001980,0.03687422,26.10216185,NA,0.00000000,0.00001289,0.00000000,NA,NA,39.20913154,0.70906389,0.12608991
63,1,MS,phloem,NA,NA,NA,NA,NA,NA,NA,NA,NA,NA,NA,NA,NA,NA,NA,NA,NA,NA,NA,NA,NA,NA,NA,NA,NA,NA,3.75012242,NA,NA,NA,NA,NA,NA,NA,NA,NA,NA,93.99469315,NA,NA
63,1,MS,roots,0.00682183,4.85247207,0.00529348,0.00516181,0.00065614,0.97299699,0.37804877,0.00018466,NA,0.06061930,0.03025902,NA,NA,NA,0.03357733,0.23558056,0.82984686,NA,0.37536655,NA,NA,16.21153940,0.96799956,24.26236037,0.07621920,NA,3.02128219,9.94703846,0.00001910,0.03689332,26.14234862,NA,0.00000000,0.00001099,0.00000000,NA,NA,38.77988403,0.68409319,0.12445564
64,1,MS,phloem,NA,NA,NA,NA,NA,NA,NA,NA,NA,NA,NA,NA,NA,NA,NA,NA,NA,NA,NA,NA,NA,NA,NA,NA,NA,NA,3.70398485,NA,NA,NA,NA,NA,NA,NA,NA,NA,NA,92.31534049,NA,NA
64,1,MS,roots,0.00660034,4.60963078,0.00447627,0.00431297,0.00054812,0.96576002,0.36796256,0.00018476,NA,0.06005077,0.02972932,NA,NA,NA,0.03324378,0.22793179,0.82165240,NA,0.36496900,NA,NA,16.25792520,0.92476518,23.04815388,0.07488494,NA,3.06106765,9.95984336,0.00001848,0.03691180,26.18235858,NA,0.00000000,0.00000917,0.00000000,NA,NA,38.34735676,0.66188224,0.12302387
65,1,MS,phloem,NA,NA,NA,NA,NA,NA,NA,NA,NA,NA,NA,NA,NA,NA,NA,NA,NA,NA,NA,NA,NA,NA,NA,NA,NA,NA,3.66052092,NA,NA,NA,NA,NA,NA,NA,NA,NA,NA,90.68644802,NA,NA
65,1,MS,roots,0.00641619,4.36127424,0.00447814,0.00426484,0.00054187,0.96095054,0.35663328,0.00018485,NA,0.05962666,0.02927136,NA,NA,NA,0.03296951,0.22157234,0.81545257,NA,0.35538960,NA,NA,16.30288021,0.88020514,21.80637118,0.07373138,NA,3.09960647,9.97231654,0.00001797,0.03692977,26.22149828,NA,0.00000000,0.00000905,0.00000000,NA,NA,37.90513861,0.64341528,0.12186753
66,1,MS,phloem,NA,NA,NA,NA,NA,NA,NA,NA,NA,NA,NA,NA,NA,NA,NA,NA,NA,NA,NA,NA,NA,NA,NA,NA,NA,NA,3.61832322,NA,NA,NA,NA,NA,NA,NA,NA,NA,NA,89.09653112,NA,NA
66,1,MS,roots,0.00623247,4.16272300,0.00457138,0.00430557,0.00054691,0.95625162,0.34859736,0.00018493,NA,0.05920517,0.02881789,NA,NA,NA,0.03269171,0.21522783,0.80930583,NA,0.34586129,NA,NA,16.34654576,0.84526732,20.81361501,0.07258914,NA,3.13703955,9.98444627,0.00001745,0.03694722,26.25968423,NA,0.00000000,0.00000912,0.00000000,NA,NA,37.46048614,0.62499171,0.12071477
67,1,MS,phloem,NA,NA,NA,NA,NA,NA,NA,NA,NA,NA,NA,NA,NA,NA,NA,NA,NA,NA,NA,NA,NA,NA,NA,NA,NA,NA,3.57956179,NA,NA,NA,NA,NA,NA,NA,NA,NA,NA,87.55760331,NA,NA
67,1,MS,roots,0.00602668,3.93579790,0.00544376,0.00507296,0.00064423,0.94998178,0.33734977,0.00018502,NA,0.05868040,0.02831812,NA,NA,NA,0.03236305,0.20812139,0.80176629,NA,0.33576883,NA,NA,16.38799297,0.80452361,19.67898948,0.07133028,NA,3.17246008,9.99612029,0.00001687,0.03696409,26.29612739,NA,0.00000000,0.00001073,0.00000000,NA,NA,37.01251043,0.60435560,0.11936157
68,1,MS,phloem,NA,NA,NA,NA,NA,NA,NA,NA,NA,NA,NA,NA,NA,NA,NA,NA,NA,NA,NA,NA,NA,NA,NA,NA,NA,NA,3.54245211,NA,NA,NA,NA,NA,NA,NA,NA,NA,NA,86.06144136,NA,NA
68,1,MS,roots,0.00580578,3.75392595,0.00551147,0.00508530,0.00064566,0.94254557,0.32918456,0.00018510,NA,0.05808326,0.02779152,NA,NA,NA,0.03199915,0.20049293,0.79325856,NA,0.32546054,NA,NA,16.42820111,0.77259355,18.76962973,0.07000383,NA,3.20686244,10.00742422,0.00001626,0.03698035,26.33154826,NA,0.00000000,0.00001074,0.00000000,NA,NA,36.57013550,0.58220360,0.11787393
69,1,MS,phloem,NA,NA,NA,NA,NA,NA,NA,NA,NA,NA,NA,NA,NA,NA,NA,NA,NA,NA,NA,NA,NA,NA,NA,NA,NA,NA,3.57598880,NA,NA,NA,NA,NA,NA,NA,NA,NA,NA,85.02691429,NA,NA
69,1,MS,roots,0.00558776,3.65437724,0.01043192,0.00953400,0.00121023,0.93515668,0.32718746,0.00018518,NA,0.05748468,0.02728233,NA,NA,NA,0.03163822,0.19296412,0.78475167,NA,0.31552345,NA,NA,16.46310806,0.76846327,18.27188622,0.06872123,NA,3.23618163,10.01780589,0.00001565,0.03699599,26.36154503,NA,0.00000000,0.00002012,0.00000000,NA,NA,36.14511572,0.56034099,0.11640523
70,1,MS,phloem,NA,NA,NA,NA,NA,NA,NA,NA,NA,NA,NA,NA,NA,NA,NA,NA,NA,NA,NA,NA,NA,NA,NA,NA,NA,NA,3.56513102,NA,NA,NA,NA,NA,NA,NA,NA,NA,NA,84.86836952,NA,NA
70,1,MS,roots,0.00542070,3.70392163,0.01563746,0.01417717,0.00179944,0.93108062,0.33776111,0.00018525,NA,0.05709125,0.02689405,NA,NA,NA,0.03136986,0.18719469,0.77906112,NA,0.30727680,NA,NA,16.49256713,0.77796746,18.51960815,0.06774321,NA,3.26022000,10.02729728,0.00001518,0.03701117,26.38611181,NA,0.00000000,0.00002988,0.00000000,NA,NA,35.75189360,0.54358737,0.11535517
71,1,MS,phloem,NA,NA,NA,NA,NA,NA,NA,NA,NA,NA,NA,NA,NA,NA,NA,NA,NA,NA,NA,NA,NA,NA,NA,NA,NA,NA,3.56488234,NA,NA,NA,NA,NA,NA,NA,NA,NA,NA,86.05015089,NA,NA
71,1,MS,roots,0.00533786,4.03546985,0.03006149,0.02707747,0.00343687,0.93294672,0.37264486,0.00018533,NA,0.05705859,0.02671810,NA,NA,NA,0.03127344,0.18433393,0.77830118,NA,0.30189242,NA,NA,16.50841214,0.83590645,20.17734924,0.06730001,NA,3.27072716,10.03494660,0.00001495,0.03702612,26.39731541,NA,0.00000000,0.00005701,0.00000000,NA,NA,35.41957059,0.53528012,0.11505014
72,1,MS,phloem,NA,NA,NA,NA,NA,NA,NA,NA,NA,NA,NA,NA,NA,NA,NA,NA,NA,NA,NA,NA,NA,NA,NA,NA,NA,NA,3.57369147,NA,NA,NA,NA,NA,NA,NA,NA,NA,NA,87.68470493,NA,NA
72,1,MS,roots,0.00540516,4.43319320,0.04117879,0.03698834,0.00469642,0.94544252,0.41275969,0.00018540,NA,0.05767201,0.02687502,NA,NA,NA,0.03145411,0.18665831,0.78634694,NA,0.30057093,NA,NA,16.51443244,0.90339956,22.16596599,0.06769526,NA,3.27134229,10.04127526,0.00001513,0.03704125,26.39864542,NA,0.00000000,0.00007785,0.00000000,NA,NA,35.13543784,0.54202977,0.11600113
73,1,MS,phloem,NA,NA,NA,NA,NA,NA,NA,NA,NA,NA,NA,NA,NA,NA,NA,NA,NA,NA,NA,NA,NA,NA,NA,NA,NA,NA,3.59817948,NA,NA,NA,NA,NA,NA,NA,NA,NA,NA,89.66450104,NA,NA
73,1,MS,roots,0.00555014,4.87979049,0.05678826,0.05100458,0.00647982,0.96407953,0.45558583,0.00018548,NA,0.05864366,0.02722945,NA,NA,NA,0.03178757,0.19166493,0.79925990,NA,0.30163076,NA,NA,16.50650214,0.97911447,24.39895244,0.06858805,NA,3.25786185,10.04584333,0.00001554,0.03705679,26.38629823,NA,0.00000000,0.00010734,0.00000000,NA,NA,34.89503483,0.55656832,0.11766068
74,1,MS,phloem,NA,NA,NA,NA,NA,NA,NA,NA,NA,NA,NA,NA,NA,NA,NA,NA,NA,NA,NA,NA,NA,NA,NA,NA,NA,NA,3.62011647,NA,NA,NA,NA,NA,NA,NA,NA,NA,NA,91.15371918,NA,NA
74,1,MS,roots,0.00559108,5.23187693,0.05472452,0.04933228,0.00627315,0.97408126,0.48964951,0.00018556,NA,0.05910898,0.02736627,NA,NA,NA,0.03188570,0.19307855,0.80526165,NA,0.30068253,NA,NA,16.50181207,1.03890461,26.15938465,0.06893267,NA,3.24758070,10.05057166,0.00001566,0.03707245,26.37569688,NA,0.00000000,0.00010387,0.00000000,NA,NA,34.70021375,0.56067326,0.11836094
75,1,MS,phloem,NA,NA,NA,NA,NA,NA,NA,NA,NA,NA,NA,NA,NA,NA,NA,NA,NA,NA,NA,NA,NA,NA,NA,NA,NA,NA,3.64455449,NA,NA,NA,NA,NA,NA,NA,NA,NA,NA,92.34778974,NA,NA
75,1,MS,roots,0.00554061,5.47713824,0.05653402,0.05110377,0.00650408,0.97589374,0.51304102,0.00018564,NA,0.05909169,0.02730177,NA,NA,NA,0.03179446,0.19133583,0.80468939,NA,0.29792533,NA,NA,16.49597527,1.08079082,27.38569120,0.06877021,NA,3.23620329,10.05496089,0.00001551,0.03708796,26.36314312,NA,0.00000000,0.00010764,0.00000000,NA,NA,34.54915285,0.55561267,0.11818792
76,1,MS,phloem,NA,NA,NA,NA,NA,NA,NA,NA,NA,NA,NA,NA,NA,NA,NA,NA,NA,NA,NA,NA,NA,NA,NA,NA,NA,NA,3.65313741,NA,NA,NA,NA,NA,NA,NA,NA,NA,NA,92.28638735,NA,NA
76,1,MS,roots,0.00530763,5.44115115,0.04112809,0.03728810,0.00475007,0.96126856,0.51204913,0.00018571,NA,0.05812309,0.02679992,NA,NA,NA,0.03129733,0.18329006,0.79118226,NA,0.29089185,NA,NA,16.50499338,1.07693417,27.20575576,0.06750609,NA,3.23991377,10.06085029,0.00001486,0.03710282,26.36364918,NA,0.00000000,0.00007858,0.00000000,NA,NA,34.42806480,0.53224886,0.11622034
77,1,MS,phloem,NA,NA,NA,NA,NA,NA,NA,NA,NA,NA,NA,NA,NA,NA,NA,NA,NA,NA,NA,NA,NA,NA,NA,NA,NA,NA,3.63397204,NA,NA,NA,NA,NA,NA,NA,NA,NA,NA,90.75609611,NA,NA
77,1,MS,roots,0.00491325,5.04038098,0.01669502,0.01511734,0.00192686,0.93226841,0.47987985,0.00018578,NA,0.05633357,0.02590244,NA,NA,NA,0.03047076,0.16967076,0.76653873,NA,0.27989691,NA,NA,16.53629798,1.00911147,25.20190491,0.06524544,NA,3.26630513,10.06917606,0.00001376,0.03711658,26.38502943,NA,0.00000000,0.00003186,0.00000000,NA,NA,34.30738382,0.49270032,0.11270677
78,1,MS,phloem,NA,NA,NA,NA,NA,NA,NA,NA,NA,NA,NA,NA,NA,NA,NA,NA,NA,NA,NA,NA,NA,NA,NA,NA,NA,NA,3.61265093,NA,NA,NA,NA,NA,NA,NA,NA,NA,NA,89.28298238,NA,NA
78,1,MS,roots,0.00437937,4.69252609,0.01525782,0.01371303,0.00174790,0.89283185,0.45152331,0.00018584,NA,0.05393051,0.02474101,NA,NA,NA,0.02942555,0.15123433,0.73359761,NA,0.26644309,NA,NA,16.56668175,0.94936674,23.46263043,0.06231992,NA,3.29230953,10.07720130,0.00001226,0.03712884,26.40613956,NA,0.00000000,0.00002887,0.00000000,NA,NA,34.21583808,0.43916346,0.10809707
79,1,MS,phloem,NA,NA,NA,NA,NA,NA,NA,NA,NA,NA,NA,NA,NA,NA,NA,NA,NA,NA,NA,NA,NA,NA,NA,NA,NA,NA,3.59175984,NA,NA,NA,NA,NA,NA,NA,NA,NA,NA,87.91635319,NA,NA
79,1,MS,roots,0.00389201,4.34120153,0.01274600,0.01137233,0.00144954,0.85734805,0.42197283,0.00018590,NA,0.05178059,0.02370851,NA,NA,NA,0.02849355,0.13440415,0.70414637,NA,0.25468194,NA,NA,16.59728625,0.88678345,21.70600767,0.05971917,NA,3.31902201,10.08510652,0.00001090,0.03713974,26.42811155,NA,0.00000000,0.00002393,0.00000000,NA,NA,34.14566669,0.39029097,0.10398266
80,1,MS,phloem,NA,NA,NA,NA,NA,NA,NA,NA,NA,NA,NA,NA,NA,NA,NA,NA,NA,NA,NA,NA,NA,NA,NA,NA,NA,NA,3.56942812,NA,NA,NA,NA,NA,NA,NA,NA,NA,NA,86.64069593,NA,NA
80,1,MS,roots,0.00349243,4.09757919,0.01014296,0.00898329,0.00114498,0.82878592,0.40219809,0.00018594,NA,0.05006285,0.02288592,NA,NA,NA,0.02775779,0.12060515,0.68060820,NA,0.24546389,NA,NA,16.62878970,0.84406146,20.48789597,0.05764716,NA,3.34703304,10.09298680,0.00000978,0.03714952,26.45129282,NA,0.00000000,0.00001888,0.00000000,NA,NA,34.09944858,0.35022058,0.10070656
81,1,MS,phloem,NA,NA,NA,NA,NA,NA,NA,NA,NA,NA,NA,NA,NA,NA,NA,NA,NA,NA,NA,NA,NA,NA,NA,NA,NA,NA,3.54695020,NA,NA,NA,NA,NA,NA,NA,NA,NA,NA,85.45673852,NA,NA
81,1,MS,roots,0.00311178,3.88294755,0.00931655,0.00818848,0.00104357,0.80189539,0.38451621,0.00018599,NA,0.04845668,0.02212675,NA,NA,NA,0.02707831,0.10746029,0.65861778,NA,0.23717986,NA,NA,16.65955532,0.80582420,19.41473774,0.05573489,NA,3.37468687,10.10067194,0.00000871,0.03715823,26.47418824,NA,0.00000000,0.00001720,0.00000000,NA,NA,34.07849030,0.31204976,0.09766174
82,1,MS,phloem,NA,NA,NA,NA,NA,NA,NA,NA,NA,NA,NA,NA,NA,NA,NA,NA,NA,NA,NA,NA,NA,NA,NA,NA,NA,NA,3.52573784,NA,NA,NA,NA,NA,NA,NA,NA,NA,NA,84.34712470,NA,NA
82,1,MS,roots,0.00279986,3.63508735,0.00736773,0.00642748,0.00081906,0.78007030,0.36311387,0.00018603,NA,0.04716219,0.02151434,NA,NA,NA,0.02653701,0.09668860,0.64088799,NA,0.23058270,NA,NA,16.69071155,0.75973930,18.17543676,0.05419230,NA,3.40304323,10.10834774,0.00000784,0.03716607,26.49797808,NA,0.00000000,0.00001349,0.00000000,NA,NA,34.06743841,0.28077025,0.09521354
83,1,MS,phloem,NA,NA,NA,NA,NA,NA,NA,NA,NA,NA,NA,NA,NA,NA,NA,NA,NA,NA,NA,NA,NA,NA,NA,NA,NA,NA,3.50401068,NA,NA,NA,NA,NA,NA,NA,NA,NA,NA,83.28675680,NA,NA
83,1,MS,roots,0.00255990,3.46869581,0.00665556,0.00576254,0.00073422,0.76346602,0.34936477,0.00018606,NA,0.04618739,0.02105286,NA,NA,NA,0.02614118,0.08840186,0.62752038,NA,0.22570590,NA,NA,16.72148870,0.72966865,17.34347903,0.05302989,NA,3.43126049,10.11593510,0.00000717,0.03717324,26.52177714,NA,0.00000000,0.00001208,0.00000000,NA,NA,34.06754143,0.25670672,0.09338144
84,1,MS,phloem,NA,NA,NA,NA,NA,NA,NA,NA,NA,NA,NA,NA,NA,NA,NA,NA,NA,NA,NA,NA,NA,NA,NA,NA,NA,NA,3.48153479,NA,NA,NA,NA,NA,NA,NA,NA,NA,NA,82.25543084,NA,NA
84,1,MS,roots,0.00245044,3.31065809,0.00492395,0.00423185,0.00053911,0.75571482,0.33635892,0.00018610,NA,0.04574711,0.02083193,NA,NA,NA,0.02598211,0.08462192,0.62142388,NA,0.22336652,NA,NA,16.75318797,0.70063285,16.55329046,0.05247337,NA,3.46050932,10.12363742,0.00000686,0.03718010,26.54678580,NA,0.00000000,0.00000886,0.00000000,NA,NA,34.06052986,0.24573029,0.09256115
85,1,MS,phloem,NA,NA,NA,NA,NA,NA,NA,NA,NA,NA,NA,NA,NA,NA,NA,NA,NA,NA,NA,NA,NA,NA,NA,NA,NA,NA,3.46123271,NA,NA,NA,NA,NA,NA,NA,NA,NA,NA,81.26784145,NA,NA
85,1,MS,roots,0.00241281,3.10718644,0.00477111,0.00406960,0.00051835,0.75286829,0.31858943,0.00018613,NA,0.04559443,0.02073310,NA,NA,NA,0.02594609,0.08332227,0.61923733,NA,0.22214654,NA,NA,16.78418304,0.66168211,15.53593220,0.05222444,NA,3.48909158,10.13132350,0.00000676,0.03718686,26.57180054,NA,0.00000000,0.00000852,0.00000000,NA,NA,34.02893198,0.24195628,0.09227362
86,1,MS,phloem,NA,NA,NA,NA,NA,NA,NA,NA,NA,NA,NA,NA,NA,NA,NA,NA,NA,NA,NA,NA,NA,NA,NA,NA,NA,NA,3.44038985,NA,NA,NA,NA,NA,NA,NA,NA,NA,NA,80.30619358,NA,NA
86,1,MS,roots,0.00235541,2.98160208,0.00418153,0.00354075,0.00045091,0.74890702,0.30860003,0.00018616,NA,0.04537110,0.02059844,NA,NA,NA,0.02587351,0.08134011,0.61609488,NA,0.22047142,NA,NA,16.81517626,0.63867263,14.90801042,0.05188525,NA,3.51772939,10.13902034,0.00000660,0.03719345,26.59712741,NA,0.00000000,0.00000740,0.00000000,NA,NA,33.98725917,0.23620039,0.09184305
87,1,MS,phloem,NA,NA,NA,NA,NA,NA,NA,NA,NA,NA,NA,NA,NA,NA,NA,NA,NA,NA,NA,NA,NA,NA,NA,NA,NA,NA,3.42004959,NA,NA,NA,NA,NA,NA,NA,NA,NA,NA,79.37569363,NA,NA
87,1,MS,roots,0.00230185,2.84125185,0.00349114,0.00293482,0.00037367,0.74527313,0.29695150,0.00018620,NA,0.04516354,0.02046627,NA,NA,NA,0.02580371,0.07949066,0.61317023,NA,0.21873185,NA,NA,16.84620577,0.61210314,14.20625926,0.05155231,NA,3.54645705,10.14673568,0.00000645,0.03719990,26.62284268,NA,0.00000000,0.00000613,0.00000000,NA,NA,33.93273887,0.23082982,0.09143352
88,1,MS,phloem,NA,NA,NA,NA,NA,NA,NA,NA,NA,NA,NA,NA,NA,NA,NA,NA,NA,NA,NA,NA,NA,NA,NA,NA,NA,NA,3.40241164,NA,NA,NA,NA,NA,NA,NA,NA,NA,NA,78.49192360,NA,NA
88,1,MS,roots,0.00224502,2.65649012,0.00264936,0.00221122,0.00028148,0.74150691,0.28050185,0.00018623,NA,0.04494184,0.02032078,NA,NA,NA,0.02572118,0.07752798,0.61005724,NA,0.21671402,NA,NA,16.87723131,0.57575815,13.28245061,0.05118584,NA,3.57523757,10.15447536,0.00000629,0.03720618,26.64904057,NA,0.00000000,0.00000461,0.00000000,NA,NA,33.85925322,0.22513047,0.09098380
89,1,MS,phloem,NA,NA,NA,NA,NA,NA,NA,NA,NA,NA,NA,NA,NA,NA,NA,NA,NA,NA,NA,NA,NA,NA,NA,NA,NA,NA,3.38596842,NA,NA,NA,NA,NA,NA,NA,NA,NA,NA,77.64576783,NA,NA
89,1,MS,roots,0.00217556,2.51496288,0.00193621,0.00160454,0.00020421,0.73703457,0.26836876,0.00018626,NA,0.04467409,0.02015086,NA,NA,NA,0.02561402,0.07512940,0.60632333,NA,0.21436515,NA,NA,16.90827156,0.54836117,12.57481438,0.05075784,NA,3.60410226,10.16221053,0.00000609,0.03721227,26.67556226,NA,0.00000000,0.00000335,0.00000000,NA,NA,33.77510669,0.21816535,0.09043897
90,1,MS,phloem,NA,NA,NA,NA,NA,NA,NA,NA,NA,NA,NA,NA,NA,NA,NA,NA,NA,NA,NA,NA,NA,NA,NA,NA,NA,NA,3.36755702,NA,NA,NA,NA,NA,NA,NA,NA,NA,NA,76.81181133,NA,NA
90,1,MS,roots,0.00210538,2.46441686,0.00206307,0.00169762,0.00021600,0.73258942,0.26569111,0.00018629,NA,0.04440860,0.01998390,NA,NA,NA,0.02550865,0.07270587,0.60262460,NA,0.21207712,NA,NA,16.93884952,0.54022058,12.32208429,0.05033728,NA,3.63257483,10.16985136,0.00000590,0.03721817,26.70170719,NA,0.00000000,0.00000354,0.00000000,NA,NA,33.69393384,0.21112773,0.08990115
91,1,MS,phloem,NA,NA,NA,NA,NA,NA,NA,NA,NA,NA,NA,NA,NA,NA,NA,NA,NA,NA,NA,NA,NA,NA,NA,NA,NA,NA,3.35148422,NA,NA,NA,NA,NA,NA,NA,NA,NA,NA,76.01222210,NA,NA
91,1,MS,roots,0.00206112,2.32390323,0.00198264,0.00162021,0.00020611,0.72982237,0.25318656,0.00018632,NA,0.04423938,0.01985574,NA,NA,NA,0.02544166,0.07117724,0.60023524,NA,0.21009818,NA,NA,16.96885313,0.51232057,11.61951615,0.05001447,NA,3.66051733,10.17743334,0.00000577,0.03722394,26.72770056,NA,0.00000000,0.00000337,0.00000000,NA,NA,33.59849714,0.20668881,0.08953679
92,1,MS,phloem,NA,NA,NA,NA,NA,NA,NA,NA,NA,NA,NA,NA,NA,NA,NA,NA,NA,NA,NA,NA,NA,NA,NA,NA,NA,NA,3.37805820,NA,NA,NA,NA,NA,NA,NA,NA,NA,NA,75.44406821,NA,NA
92,1,MS,roots,0.00198019,2.24372487,0.00326685,0.00265180,0.00033726,0.72474687,0.24691733,0.00018634,NA,0.04392832,0.01966553,NA,NA,NA,0.02530892,0.06838250,0.59592610,NA,0.20746353,NA,NA,16.99727791,0.50232135,11.21862433,0.04953533,NA,3.68696192,10.18478937,0.00000554,0.03722948,26.75234416,NA,0.00000000,0.00000551,0.00000000,NA,NA,33.50323011,0.19857327,0.08890277
93,1,MS,phloem,NA,NA,NA,NA,NA,NA,NA,NA,NA,NA,NA,NA,NA,NA,NA,NA,NA,NA,NA,NA,NA,NA,NA,NA,NA,NA,3.41332922,NA,NA,NA,NA,NA,NA,NA,NA,NA,NA,78.01125549,NA,NA
93,1,MS,roots,0.00189148,2.65913347,0.04594682,0.03706201,0.00471266,0.72003543,0.29161250,0.00018637,NA,0.04361183,0.01952477,NA,NA,NA,0.02519541,0.06531901,0.59154841,NA,0.20565181,NA,NA,16.98410277,0.58174285,13.29566735,0.04918077,NA,3.67189531,10.18769323,0.00000530,0.03723478,26.74233560,NA,0.00000000,0.00007697,0.00000000,NA,NA,33.48299489,0.18967733,0.08833200
94,1,MS,phloem,NA,NA,NA,NA,NA,NA,NA,NA,NA,NA,NA,NA,NA,NA,NA,NA,NA,NA,NA,NA,NA,NA,NA,NA,NA,NA,3.57712966,NA,NA,NA,NA,NA,NA,NA,NA,NA,NA,83.76789548,NA,NA
94,1,MS,roots,0.00183590,3.63979805,0.16502192,0.13360582,0.01699998,0.71948291,0.38343128,0.00018640,NA,0.04345102,0.01957654,NA,NA,NA,0.02514122,0.06339976,0.58928586,NA,0.20626219,NA,NA,16.85539318,0.77714914,18.19899026,0.04931117,NA,3.54134981,10.17830375,0.00000514,0.03723992,26.63585629,NA,0.00000000,0.00027756,0.00000000,NA,NA,33.61697039,0.18410409,0.08816878
95,1,MS,phloem,NA,NA,NA,NA,NA,NA,NA,NA,NA,NA,NA,NA,NA,NA,NA,NA,NA,NA,NA,NA,NA,NA,NA,NA,NA,NA,3.82417353,NA,NA,NA,NA,NA,NA,NA,NA,NA,NA,90.62173232,NA,NA
95,1,MS,roots,0.00183885,4.88144715,0.22974673,0.19210127,0.02451802,0.72325260,0.48211697,0.00018642,NA,0.04352653,0.01984157,NA,NA,NA,0.02508219,0.06350174,0.59022836,NA,0.21002625,NA,NA,16.66751031,1.02996823,24.40723576,0.04997877,NA,3.35162809,10.16150918,0.00000515,0.03724507,26.47140907,NA,0.00000000,0.00040067,0.00000000,NA,NA,33.93532352,0.18440023,0.08845029
96,1,MS,phloem,NA,NA,NA,NA,NA,NA,NA,NA,NA,NA,NA,NA,NA,NA,NA,NA,NA,NA,NA,NA,NA,NA,NA,NA,NA,NA,4.15104460,NA,NA,NA,NA,NA,NA,NA,NA,NA,NA,98.23492158,NA,NA
96,1,MS,roots,0.00199079,6.47759461,0.28727164,0.25224904,0.03234128,0.73712854,0.58502642,0.00018645,NA,0.04418975,0.02050025,NA,NA,NA,0.02526550,0.06874845,0.59913212,NA,0.21907377,NA,NA,16.43092400,1.36859600,32.38797305,0.05163790,NA,3.11305099,10.13719345,0.00000557,0.03725064,26.24801649,NA,0.00000000,0.00052940,0.00000000,NA,NA,34.46866976,0.19963595,0.08995550
97,1,MS,phloem,NA,NA,NA,NA,NA,NA,NA,NA,NA,NA,NA,NA,NA,NA,NA,NA,NA,NA,NA,NA,NA,NA,NA,NA,NA,NA,4.39356045,NA,NA,NA,NA,NA,NA,NA,NA,NA,NA,104.37000157,NA,NA
97,1,MS,roots,0.00252107,7.70835462,0.20699729,0.19408156,0.02503525,0.77281538,0.65039791,0.00018649,NA,0.04628203,0.02183975,NA,NA,NA,0.02603661,0.08706097,0.62738066,NA,0.23678434,NA,NA,16.28255251,1.62245480,38.54177312,0.05501197,NA,2.96215844,10.12075403,0.00000706,0.03725770,26.08489034,NA,0.00000000,0.00041079,0.00000000,NA,NA,35.10676698,0.25281294,0.09415839
98,1,MS,phloem,NA,NA,NA,NA,NA,NA,NA,NA,NA,NA,NA,NA,NA,NA,NA,NA,NA,NA,NA,NA,NA,NA,NA,NA,NA,NA,4.52249819,NA,NA,NA,NA,NA,NA,NA,NA,NA,NA,108.44928836,NA,NA
98,1,MS,roots,0.00302982,8.62300109,0.12847492,0.12583488,0.01630690,0.80380572,0.69727099,0.00018653,NA,0.04822290,0.02310854,NA,NA,NA,0.02687681,0.10462963,0.65354156,NA,0.25506870,NA,NA,16.21873248,1.79796047,43.11500543,0.05820790,NA,2.89530858,10.11369298,0.00000848,0.03726619,25.99220732,NA,0.00000000,0.00026800,0.00000000,NA,NA,35.80566130,0.30382990,0.09820825
99,1,MS,phloem,NA,NA,NA,NA,NA,NA,NA,NA,NA,NA,NA,NA,NA,NA,NA,NA,NA,NA,NA,NA,NA,NA,NA,NA,NA,NA,4.59844301,NA,NA,NA,NA,NA,NA,NA,NA,NA,NA,111.34933312,NA,NA
99,1,MS,roots,0.00341857,9.03797406,0.09844248,0.09831085,0.01277658,0.82456733,0.70826868,0.00018658,NA,0.04959884,0.02410845,NA,NA,NA,0.02759705,0.11805448,0.67201633,NA,0.27092194,NA,NA,16.18790058,1.86622620,45.18987029,0.06072657,NA,2.86105812,10.11073858,0.00000957,0.03727576,25.92885537,NA,0.00000000,0.00021013,0.00000000,NA,NA,36.50898300,0.34281380,0.10130433
100,1,MS,phloem,NA,NA,NA,NA,NA,NA,NA,NA,NA,NA,NA,NA,NA,NA,NA,NA,NA,NA,NA,NA,NA,NA,NA,NA,NA,NA,4.57792505,NA,NA,NA,NA,NA,NA,NA,NA,NA,NA,110.48733832,NA,NA
100,1,MS,roots,0.00352626,8.46319065,0.02577577,0.02598731,0.00338460,0.82412288,0.66075390,0.00018663,NA,0.04978691,0.02443772,NA,NA,NA,0.02780917,0.12177355,0.67438583,NA,0.27926341,NA,NA,16.22777921,1.75331640,42.31595325,0.06155598,NA,2.89741049,10.11753792,0.00000987,0.03728563,25.93874421,NA,0.00000000,0.00005568,0.00000000,NA,NA,37.11115036,0.35361347,0.10203380
101,1,MS,phloem,NA,NA,NA,NA,NA,NA,NA,NA,NA,NA,NA,NA,NA,NA,NA,NA,NA,NA,NA,NA,NA,NA,NA,NA,NA,NA,4.52967083,NA,NA,NA,NA,NA,NA,NA,NA,NA,NA,108.74271827,NA,NA
101,1,MS,roots,0.00329472,7.74899832,0.01312229,0.01306773,0.00170244,0.80340011,0.60586531,0.00018667,NA,0.04873844,0.02411560,NA,NA,NA,0.02756203,0.11377782,0.66002056,NA,0.27963501,NA,NA,16.27671730,1.61392009,38.74499159,0.06074458,NA,2.94305386,10.12606232,0.00000923,0.03729486,25.96134420,NA,0.00000000,0.00002799,0.00000000,NA,NA,37.64156645,0.33039497,0.10041606
102,1,MS,phloem,NA,NA,NA,NA,NA,NA,NA,NA,NA,NA,NA,NA,NA,NA,NA,NA,NA,NA,NA,NA,NA,NA,NA,NA,NA,NA,4.47728364,NA,NA,NA,NA,NA,NA,NA,NA,NA,NA,107.09677435,NA,NA
102,1,MS,roots,0.00303515,7.16591940,0.01051087,0.01031272,0.00134349,0.78306037,0.56171577,0.00018671,NA,0.04768921,0.02376297,NA,NA,NA,0.02730635,0.10481373,0.64566473,NA,0.27912975,NA,NA,16.32509538,1.49789076,35.82959701,0.05985634,NA,2.98839679,10.13495039,0.00000850,0.03730336,25.98639279,NA,0.00000000,0.00002207,0.00000000,NA,NA,38.12356985,0.30436452,0.09875853
103,1,MS,phloem,NA,NA,NA,NA,NA,NA,NA,NA,NA,NA,NA,NA,NA,NA,NA,NA,NA,NA,NA,NA,NA,NA,NA,NA,NA,NA,4.42415773,NA,NA,NA,NA,NA,NA,NA,NA,NA,NA,105.58360568,NA,NA
103,1,MS,roots,0.00268106,6.67784040,0.00805673,0.00779137,0.00101493,0.75905551,0.52502287,0.00018675,NA,0.04640217,0.02327329,NA,NA,NA,0.02692563,0.09258583,0.62811303,NA,0.27670446,NA,NA,16.37299035,1.39907228,33.38920198,0.05862291,NA,3.03361070,10.14409730,0.00000751,0.03731086,26.01342457,NA,0.00000000,0.00001666,0.00000000,NA,NA,38.58492472,0.26885638,0.09660109
104,1,MS,phloem,NA,NA,NA,NA,NA,NA,NA,NA,NA,NA,NA,NA,NA,NA,NA,NA,NA,NA,NA,NA,NA,NA,NA,NA,NA,NA,4.37291380,NA,NA,NA,NA,NA,NA,NA,NA,NA,NA,104.15723369,NA,NA
104,1,MS,roots,0.00254928,6.30023477,0.01212259,0.01155994,0.00150563,0.74871498,0.49628840,0.00018679,NA,0.04592387,0.02317203,NA,NA,NA,0.02689915,0.08803500,0.62151972,NA,0.27845796,NA,NA,16.41480309,1.32253818,31.50117387,0.05836782,NA,3.07287416,10.15283356,0.00000714,0.03731800,26.03670062,NA,0.00000000,0.00002469,0.00000000,NA,NA,39.00923036,0.25564139,0.09599504
105,1,MS,phloem,NA,NA,NA,NA,NA,NA,NA,NA,NA,NA,NA,NA,NA,NA,NA,NA,NA,NA,NA,NA,NA,NA,NA,NA,NA,NA,4.32365880,NA,NA,NA,NA,NA,NA,NA,NA,NA,NA,102.79988877,NA,NA
105,1,MS,roots,0.00250170,5.95277045,0.01376196,0.01296680,0.00168881,0.74351576,0.46983332,0.00018682,NA,0.04574116,0.02320178,NA,NA,NA,0.02698477,0.08639193,0.61893077,NA,0.28140786,NA,NA,16.45324665,1.25183736,29.76385224,0.05844278,NA,3.10881603,10.16150985,0.00000700,0.03732501,26.05876211,NA,0.00000000,0.00002767,0.00000000,NA,NA,39.38858167,0.25087015,0.09592771
106,1,MS,phloem,NA,NA,NA,NA,NA,NA,NA,NA,NA,NA,NA,NA,NA,NA,NA,NA,NA,NA,NA,NA,NA,NA,NA,NA,NA,NA,4.27752971,NA,NA,NA,NA,NA,NA,NA,NA,NA,NA,101.52498641,NA,NA
106,1,MS,roots,0.00244375,5.53346351,0.00961919,0.00896595,0.00116774,0.73810790,0.43846035,0.00018686,NA,0.04553375,0.02319440,NA,NA,NA,0.02703663,0.08439092,0.61601141,NA,0.28355770,NA,NA,16.49371112,1.16570095,27.66731753,0.05842418,NA,3.14683674,10.17080257,0.00000684,0.03733185,26.08494515,NA,0.00000000,0.00001911,0.00000000,NA,NA,39.71375361,0.24505951,0.09576478
107,1,MS,phloem,NA,NA,NA,NA,NA,NA,NA,NA,NA,NA,NA,NA,NA,NA,NA,NA,NA,NA,NA,NA,NA,NA,NA,NA,NA,NA,4.23320747,NA,NA,NA,NA,NA,NA,NA,NA,NA,NA,100.32325631,NA,NA
107,1,MS,roots,0.00235216,5.19641817,0.00704692,0.00649527,0.00084588,0.73138274,0.41383849,0.00018689,NA,0.04523610,0.02312415,NA,NA,NA,0.02703759,0.08122777,0.61187661,NA,0.28469364,NA,NA,16.53494555,1.09633185,25.98209084,0.05824723,NA,3.18571903,10.18047227,0.00000659,0.03733843,26.11359985,NA,0.00000000,0.00001383,0.00000000,NA,NA,40.00190604,0.23587415,0.09539784
108,1,MS,phloem,NA,NA,NA,NA,NA,NA,NA,NA,NA,NA,NA,NA,NA,NA,NA,NA,NA,NA,NA,NA,NA,NA,NA,NA,NA,NA,4.19115647,NA,NA,NA,NA,NA,NA,NA,NA,NA,NA,99.17841495,NA,NA
108,1,MS,roots,0.00229905,4.91415779,0.00793747,0.00723457,0.00094202,0.72694880,0.39335741,0.00018692,NA,0.04506738,0.02310681,NA,NA,NA,0.02709011,0.07939400,0.60948945,NA,0.28622730,NA,NA,16.57381260,1.03833098,24.57078893,0.05820354,NA,3.22228702,10.19011396,0.00000644,0.03734487,26.14157750,NA,0.00000000,0.00001539,0.00000000,NA,NA,40.25557067,0.23054913,0.09526430
109,1,MS,phloem,NA,NA,NA,NA,NA,NA,NA,NA,NA,NA,NA,NA,NA,NA,NA,NA,NA,NA,NA,NA,NA,NA,NA,NA,NA,NA,4.14974105,NA,NA,NA,NA,NA,NA,NA,NA,NA,NA,97.94359697,NA,NA
109,1,MS,roots,0.00226318,4.62765864,0.00730389,0.00658847,0.00085778,0.72359350,0.37254108,0.00018695,NA,0.04495501,0.02310364,NA,NA,NA,0.02715453,0.07815530,0.60786657,NA,0.28769310,NA,NA,16.61187970,0.98033897,23.13829322,0.05819557,NA,3.25809093,10.19990537,0.00000634,0.03735121,26.17027176,NA,0.00000000,0.00001400,0.00000000,NA,NA,40.47159809,0.22695214,0.09521318
110,1,MS,phloem,NA,NA,NA,NA,NA,NA,NA,NA,NA,NA,NA,NA,NA,NA,NA,NA,NA,NA,NA,NA,NA,NA,NA,NA,NA,NA,4.11026642,NA,NA,NA,NA,NA,NA,NA,NA,NA,NA,96.89106721,NA,NA
110,1,MS,roots,0.00225959,4.42422181,0.00753632,0.00673074,0.00087619,0.72202023,0.35829248,0.00018698,NA,0.04494432,0.02314175,NA,NA,NA,0.02725772,0.07803130,0.60761913,NA,0.28947841,NA,NA,16.64868274,0.93841109,22.12110906,0.05829157,NA,3.29263437,10.20975328,0.00000633,0.03735754,26.19894028,NA,0.00000000,0.00001429,0.00000000,NA,NA,40.65769121,0.22659205,0.09534380
111,1,MS,phloem,NA,NA,NA,NA,NA,NA,NA,NA,NA,NA,NA,NA,NA,NA,NA,NA,NA,NA,NA,NA,NA,NA,NA,NA,NA,NA,4.07429914,NA,NA,NA,NA,NA,NA,NA,NA,NA,NA,95.88138576,NA,NA
111,1,MS,roots,0.00226886,4.15886621,0.00995301,0.00880545,0.00114612,0.72125776,0.33874678,0.00018702,NA,0.04496950,0.02318524,NA,NA,NA,0.02736473,0.07835146,0.60785618,NA,0.29105538,NA,NA,16.68177034,0.88361598,20.79433104,0.05840112,NA,3.32345311,10.21940052,0.00000635,0.03736389,26.22564947,NA,0.00000000,0.00001867,0.00000000,NA,NA,40.80274039,0.22752174,0.09551948
112,1,MS,phloem,NA,NA,NA,NA,NA,NA,NA,NA,NA,NA,NA,NA,NA,NA,NA,NA,NA,NA,NA,NA,NA,NA,NA,NA,NA,NA,4.04054466,NA,NA,NA,NA,NA,NA,NA,NA,NA,NA,94.89144871,NA,NA
112,1,MS,roots,0.00223073,3.94372102,0.00669396,0.00587312,0.00076439,0.71833944,0.32347342,0.00018705,NA,0.04485751,0.02314604,NA,NA,NA,0.02739216,0.07703449,0.60624102,NA,0.29146334,NA,NA,16.71699955,0.83963208,19.71860509,0.05830237,NA,3.35645159,10.22945278,0.00000625,0.03737013,26.25526614,NA,0.00000000,0.00001244,0.00000000,NA,NA,40.92116301,0.22369744,0.09539571
113,1,MS,phloem,NA,NA,NA,NA,NA,NA,NA,NA,NA,NA,NA,NA,NA,NA,NA,NA,NA,NA,NA,NA,NA,NA,NA,NA,NA,NA,4.00713119,NA,NA,NA,NA,NA,NA,NA,NA,NA,NA,93.90048570,NA,NA
113,1,MS,roots,0.00220317,3.77816275,0.00690643,0.00600665,0.00078165,0.71605970,0.31209928,0.00018708,NA,0.04477926,0.02311688,NA,NA,NA,0.02743351,0.07608286,0.60508360,NA,0.29186824,NA,NA,16.75115617,0.80615098,18.89081376,0.05822893,NA,3.38840505,10.23950997,0.00000617,0.03737630,26.28472771,NA,0.00000000,0.00001271,0.00000000,NA,NA,41.01882478,0.22093406,0.09532965
114,1,MS,phloem,NA,NA,NA,NA,NA,NA,NA,NA,NA,NA,NA,NA,NA,NA,NA,NA,NA,NA,NA,NA,NA,NA,NA,NA,NA,NA,3.97524689,NA,NA,NA,NA,NA,NA,NA,NA,NA,NA,92.96561193,NA,NA
114,1,MS,roots,0.00221370,3.62788254,0.00949607,0.00819018,0.00106565,0.71571947,0.30167500,0.00018711,NA,0.04481232,0.02313844,NA,NA,NA,0.02752038,0.07644652,0.60542998,NA,0.29274444,NA,NA,16.78199170,0.77564857,18.13941272,0.05828322,NA,3.41702687,10.24932299,0.00000620,0.03738250,26.31205399,NA,0.00000000,0.00001731,0.00000000,NA,NA,41.09247434,0.22199008,0.09547115
115,1,MS,phloem,NA,NA,NA,NA,NA,NA,NA,NA,NA,NA,NA,NA,NA,NA,NA,NA,NA,NA,NA,NA,NA,NA,NA,NA,NA,NA,3.94415235,NA,NA,NA,NA,NA,NA,NA,NA,NA,NA,92.01008571,NA,NA
115,1,MS,roots,0.00222226,3.49770335,0.01157096,0.00990640,0.00128885,0.71542256,0.29267921,0.00018714,NA,0.04483992,0.02315126,NA,NA,NA,0.02759351,0.07674210,0.60570201,NA,0.29336832,NA,NA,16.81013424,0.74967188,17.48851673,0.05831552,NA,3.44294715,10.25894267,0.00000622,0.03738872,26.33769203,NA,0.00000000,0.00002092,0.00000000,NA,NA,41.14541561,0.22284838,0.09558469
116,1,MS,phloem,NA,NA,NA,NA,NA,NA,NA,NA,NA,NA,NA,NA,NA,NA,NA,NA,NA,NA,NA,NA,NA,NA,NA,NA,NA,NA,3.91546270,NA,NA,NA,NA,NA,NA,NA,NA,NA,NA,91.07292797,NA,NA
116,1,MS,roots,0.00225598,3.34806028,0.01435880,0.01221259,0.00158884,0.71643925,0.28180736,0.00018717,NA,0.04493905,0.02319328,NA,NA,NA,0.02768956,0.07790639,0.60693853,NA,0.29417459,NA,NA,16.83482789,0.71970922,16.74030142,0.05842135,NA,3.46538483,10.26830006,0.00000632,0.03739504,26.36109109,NA,0.00000000,0.00002576,0.00000000,NA,NA,41.17109380,0.22622933,0.09582188
117,1,MS,phloem,NA,NA,NA,NA,NA,NA,NA,NA,NA,NA,NA,NA,NA,NA,NA,NA,NA,NA,NA,NA,NA,NA,NA,NA,NA,NA,3.98080168,NA,NA,NA,NA,NA,NA,NA,NA,NA,NA,91.46491990,NA,NA
117,1,MS,roots,0.00228480,3.41577112,0.03484613,0.02947205,0.00383435,0.71777062,0.28750292,0.00018720,NA,0.04503201,0.02324836,NA,NA,NA,0.02777869,0.07890184,0.60808998,NA,0.29498918,NA,NA,16.83973016,0.74331817,17.07885560,0.05856011,NA,3.46800229,10.27544282,0.00000640,0.03740144,26.36730569,NA,0.00000000,0.00006211,0.00000000,NA,NA,41.20271920,0.22911998,0.09605906
118,1,MS,phloem,NA,NA,NA,NA,NA,NA,NA,NA,NA,NA,NA,NA,NA,NA,NA,NA,NA,NA,NA,NA,NA,NA,NA,NA,NA,NA,4.03913787,NA,NA,NA,NA,NA,NA,NA,NA,NA,NA,94.32878262,NA,NA
118,1,MS,roots,0.00237473,3.97110195,0.07902489,0.06680443,0.00869534,0.72289669,0.32965735,0.00018724,NA,0.04532169,0.02346067,NA,NA,NA,0.02795070,0.08200718,0.61189284,NA,0.29779296,NA,NA,16.80294330,0.85020859,19.85550976,0.05909488,NA,3.42884071,10.27781197,0.00000665,0.03740809,26.33649815,NA,0.00000000,0.00014076,0.00000000,NA,NA,41.30433003,0.23813745,0.09673305
119,1,MS,phloem,NA,NA,NA,NA,NA,NA,NA,NA,NA,NA,NA,NA,NA,NA,NA,NA,NA,NA,NA,NA,NA,NA,NA,NA,NA,NA,4.17145917,NA,NA,NA,NA,NA,NA,NA,NA,NA,NA,99.04623484,NA,NA
119,1,MS,roots,0.00263323,4.96636622,0.14685734,0.12542887,0.01634883,0.73725806,0.39793401,0.00018727,NA,0.04612400,0.02402908,NA,NA,NA,0.02833368,0.09093435,0.62260222,NA,0.30510266,NA,NA,16.70333257,1.04582440,24.83183108,0.06052666,NA,3.32659674,10.27277591,0.00000737,0.03741546,26.24797452,NA,0.00000000,0.00026459,0.00000000,NA,NA,41.51717922,0.26406070,0.09848676
120,1,MS,phloem,NA,NA,NA,NA,NA,NA,NA,NA,NA,NA,NA,NA,NA,NA,NA,NA,NA,NA,NA,NA,NA,NA,NA,NA,NA,NA,4.30862711,NA,NA,NA,NA,NA,NA,NA,NA,NA,NA,103.58323610,NA,NA
120,1,MS,roots,0.00326318,6.01098674,0.15058868,0.13215138,0.01727469,0.76951529,0.46397974,0.00018732,NA,0.04804717,0.02521964,NA,NA,NA,0.02916612,0.11268845,0.64840368,NA,0.32059701,NA,NA,16.60606655,1.25015888,30.05493370,0.06352555,NA,3.22606754,10.26736545,0.00000914,0.03742460,26.15467076,NA,0.00000000,0.00027971,0.00000000,NA,NA,41.79460325,0.32723159,0.10243293
121,1,MS,phloem,NA,NA,NA,NA,NA,NA,NA,NA,NA,NA,NA,NA,NA,NA,NA,NA,NA,NA,NA,NA,NA,NA,NA,NA,NA,NA,4.40729529,NA,NA,NA,NA,NA,NA,NA,NA,NA,NA,106.90344631,NA,NA
121,1,MS,roots,0.00410926,6.71326652,0.11838382,0.10677736,0.01400024,0.81247325,0.50472429,0.00018738,NA,0.05066991,0.02676271,NA,NA,NA,0.03031729,0.14190646,0.68358781,NA,0.34075781,NA,NA,16.54584234,1.38383508,33.56633261,0.06741238,NA,3.16173407,10.26595898,0.00001151,0.03743610,26.08925055,NA,0.00000000,0.00022681,0.00000000,NA,NA,42.05377888,0.41207662,0.10774992
122,1,MS,phloem,NA,NA,NA,NA,NA,NA,NA,NA,NA,NA,NA,NA,NA,NA,NA,NA,NA,NA,NA,NA,NA,NA,NA,NA,NA,NA,4.47829418,NA,NA,NA,NA,NA,NA,NA,NA,NA,NA,109.56401888,NA,NA
122,1,MS,roots,0.00471126,7.30869124,0.10011183,0.09192355,0.01208123,0.84360883,0.53870871,0.00018744,NA,0.05257821,0.02792805,NA,NA,NA,0.03117989,0.16269562,0.70908283,NA,0.35631981,NA,NA,16.50771883,1.49366871,36.54345620,0.07034772,NA,3.11889930,10.26703534,0.00001319,0.03744929,26.04060956,NA,0.00000000,0.00019575,0.00000000,NA,NA,42.31428161,0.47244545,0.11168615
123,1,MS,phloem,NA,NA,NA,NA,NA,NA,NA,NA,NA,NA,NA,NA,NA,NA,NA,NA,NA,NA,NA,NA,NA,NA,NA,NA,NA,NA,4.49815299,NA,NA,NA,NA,NA,NA,NA,NA,NA,NA,110.43659033,NA,NA
123,1,MS,roots,0.00516532,7.43358402,0.06220721,0.05780533,0.00761217,0.86633069,0.54446831,0.00018752,NA,0.05401028,0.02879496,NA,NA,NA,0.03183634,0.17837588,0.72811486,NA,0.36823538,NA,NA,16.50887562,1.51387317,37.16792011,0.07253139,NA,3.11489076,10.27302416,0.00001446,0.03746376,26.02756071,NA,0.00000000,0.00012332,0.00000000,NA,NA,42.52736441,0.51797875,0.11464157
124,1,MS,phloem,NA,NA,NA,NA,NA,NA,NA,NA,NA,NA,NA,NA,NA,NA,NA,NA,NA,NA,NA,NA,NA,NA,NA,NA,NA,NA,4.48075142,NA,NA,NA,NA,NA,NA,NA,NA,NA,NA,109.66182664,NA,NA
124,1,MS,roots,0.00533113,7.00705836,0.02914210,0.02710272,0.00357293,0.87326192,0.51619225,0.00018759,NA,0.05449030,0.02908895,NA,NA,NA,0.03208858,0.18410164,0.73429342,NA,0.37267961,NA,NA,16.54143286,1.43153218,35.03529180,0.07327192,NA,3.14211687,10.28323688,0.00001493,0.03747868,26.04577603,NA,0.00000000,0.00005785,0.00000000,NA,NA,42.65270646,0.53460558,0.11566782
125,1,MS,phloem,NA,NA,NA,NA,NA,NA,NA,NA,NA,NA,NA,NA,NA,NA,NA,NA,NA,NA,NA,NA,NA,NA,NA,NA,NA,NA,4.43859657,NA,NA,NA,NA,NA,NA,NA,NA,NA,NA,107.96382628,NA,NA
125,1,MS,roots,0.00518625,6.49668413,0.01295022,0.01194723,0.00157546,0.86405933,0.48403513,0.00018766,NA,0.05397557,0.02881372,NA,NA,NA,0.03191393,0.17909838,0.72707539,NA,0.36968207,NA,NA,16.58759247,1.33545470,32.48342065,0.07257863,NA,3.18309024,10.29535789,0.00001452,0.03749321,26.07877306,NA,0.00000000,0.00002548,0.00000000,NA,NA,42.72320485,0.52007680,0.11470322
126,1,MS,phloem,NA,NA,NA,NA,NA,NA,NA,NA,NA,NA,NA,NA,NA,NA,NA,NA,NA,NA,NA,NA,NA,NA,NA,NA,NA,NA,4.39650864,NA,NA,NA,NA,NA,NA,NA,NA,NA,NA,106.34152296,NA,NA
126,1,MS,roots,0.00493120,5.94035574,0.01055700,0.00962520,0.00126914,0.84971257,0.44796365,0.00018773,NA,0.05312870,0.02834045,NA,NA,NA,0.03159263,0.17029065,0.71540421,NA,0.36387593,NA,NA,16.63306854,1.22796931,29.70177872,0.07138652,NA,3.22363511,10.30759185,0.00001381,0.03750701,26.11337714,NA,0.00000000,0.00002050,0.00000000,NA,NA,42.74797570,0.49450039,0.11306178
127,1,MS,phloem,NA,NA,NA,NA,NA,NA,NA,NA,NA,NA,NA,NA,NA,NA,NA,NA,NA,NA,NA,NA,NA,NA,NA,NA,NA,NA,4.35409640,NA,NA,NA,NA,NA,NA,NA,NA,NA,NA,104.82670870,NA,NA
127,1,MS,roots,0.00451008,5.54693284,0.00880773,0.00793865,0.00104662,0.82752814,0.42323049,0.00018780,NA,0.05179338,0.02760787,NA,NA,NA,0.03103515,0.15574818,0.69718873,NA,0.35478477,NA,NA,16.67771712,1.15199078,27.73466421,0.06954123,NA,3.26377361,10.31972663,0.00001263,0.03751964,26.14853357,NA,0.00000000,0.00001689,0.00000000,NA,NA,42.77558781,0.45227106,0.11043639
128,1,MS,phloem,NA,NA,NA,NA,NA,NA,NA,NA,NA,NA,NA,NA,NA,NA,NA,NA,NA,NA,NA,NA,NA,NA,NA,NA,NA,NA,4.31317168,NA,NA,NA,NA,NA,NA,NA,NA,NA,NA,103.44497657,NA,NA
128,1,MS,roots,0.00387716,5.22876084,0.01047393,0.00933492,0.00123049,0.79552711,0.40274307,0.00018785,NA,0.04985006,0.02657229,NA,NA,NA,0.03019214,0.13389134,0.67083568,NA,0.34205535,NA,NA,16.71817256,1.09007435,26.14380422,0.06693273,NA,3.30035189,10.33121702,0.00001086,0.03753050,26.18069571,NA,0.00000000,0.00001983,0.00000000,NA,NA,42.84803858,0.38880185,0.10661449
129,1,MS,phloem,NA,NA,NA,NA,NA,NA,NA,NA,NA,NA,NA,NA,NA,NA,NA,NA,NA,NA,NA,NA,NA,NA,NA,NA,NA,NA,4.27410578,NA,NA,NA,NA,NA,NA,NA,NA,NA,NA,102.15833553,NA,NA
129,1,MS,roots,0.00354450,4.91030866,0.00958130,0.00845414,0.00111426,0.77860873,0.38165801,0.00018790,NA,0.04884997,0.02603948,NA,NA,NA,0.02979159,0.12240325,0.65720359,NA,0.33579103,NA,NA,16.75746030,1.02718875,24.55154328,0.06559064,NA,3.33609513,10.34260322,0.00000992,0.03754042,26.21292920,NA,0.00000000,0.00001794,0.00000000,NA,NA,42.92129693,0.35544204,0.10468104
130,1,MS,phloem,NA,NA,NA,NA,NA,NA,NA,NA,NA,NA,NA,NA,NA,NA,NA,NA,NA,NA,NA,NA,NA,NA,NA,NA,NA,NA,4.23594106,NA,NA,NA,NA,NA,NA,NA,NA,NA,NA,100.92443344,NA,NA
130,1,MS,roots,0.00348014,4.64403464,0.00882094,0.00770909,0.00101593,0.77465321,0.36440223,0.00018795,NA,0.04865477,0.02592360,NA,NA,NA,0.02976923,0.12018068,0.65440758,NA,0.33472149,NA,NA,16.79609477,0.97458348,23.22017322,0.06529874,NA,3.37124947,10.35405923,0.00000974,0.03755017,26.24573565,NA,0.00000000,0.00001634,0.00000000,NA,NA,42.96406024,0.34898800,0.10434760
131,1,MS,phloem,NA,NA,NA,NA,NA,NA,NA,NA,NA,NA,NA,NA,NA,NA,NA,NA,NA,NA,NA,NA,NA,NA,NA,NA,NA,NA,4.19962596,NA,NA,NA,NA,NA,NA,NA,NA,NA,NA,99.73973230,NA,NA
131,1,MS,roots,0.00344763,4.37764926,0.00793996,0.00687524,0.00090591,0.77237353,0.34697359,0.00018800,NA,0.04855650,0.02584553,NA,NA,NA,0.02978272,0.11905800,0.65291807,NA,0.33394416,NA,NA,16.83423785,0.92162316,21.88824631,0.06510209,NA,3.40594492,10.36560743,0.00000965,0.03755982,26.27924984,NA,0.00000000,0.00001455,0.00000000,NA,NA,42.97166319,0.34572789,0.10418476
132,1,MS,phloem,NA,NA,NA,NA,NA,NA,NA,NA,NA,NA,NA,NA,NA,NA,NA,NA,NA,NA,NA,NA,NA,NA,NA,NA,NA,NA,4.16417241,NA,NA,NA,NA,NA,NA,NA,NA,NA,NA,98.57703729,NA,NA
132,1,MS,roots,0.00337234,4.16235346,0.00770056,0.00660823,0.00087059,0.76828162,0.33329187,0.00018804,NA,0.04833874,0.02569602,NA,NA,NA,0.02973085,0.11645818,0.64982659,NA,0.33212424,NA,NA,16.87143760,0.87914782,20.81176728,0.06472549,NA,3.43977233,10.37713252,0.00000944,0.03756926,26.31278120,NA,0.00000000,0.00001397,0.00000000,NA,NA,42.95798767,0.33817837,0.10376561
133,1,MS,phloem,NA,NA,NA,NA,NA,NA,NA,NA,NA,NA,NA,NA,NA,NA,NA,NA,NA,NA,NA,NA,NA,NA,NA,NA,NA,NA,4.13289123,NA,NA,NA,NA,NA,NA,NA,NA,NA,NA,97.46173630,NA,NA
133,1,MS,roots,0.00329037,3.88144849,0.00736223,0.00626353,0.00082504,0.76399926,0.31407852,0.00018809,NA,0.04810113,0.02552499,NA,NA,NA,0.02965880,0.11362748,0.64647382,NA,0.32985683,NA,NA,16.90747628,0.82296935,19.40724247,0.06429468,NA,3.47252064,10.38862974,0.00000921,0.03757848,26.34636798,NA,0.00000000,0.00001322,0.00000000,NA,NA,42.91414123,0.32995842,0.10328492
134,1,MS,phloem,NA,NA,NA,NA,NA,NA,NA,NA,NA,NA,NA,NA,NA,NA,NA,NA,NA,NA,NA,NA,NA,NA,NA,NA,NA,NA,4.10448387,NA,NA,NA,NA,NA,NA,NA,NA,NA,NA,96.43347596,NA,NA
134,1,MS,roots,0.00291849,3.64575573,0.00641809,0.00541508,0.00071316,0.74649201,0.29793122,0.00018813,NA,0.04703615,0.02492286,NA,NA,NA,0.02918345,0.10078514,0.63202318,NA,0.32214815,NA,NA,16.94276572,0.77586883,18.22877867,0.06277799,NA,3.50489159,10.39995966,0.00000817,0.03758665,26.37984304,NA,0.00000000,0.00001142,0.00000000,NA,NA,42.88902224,0.29266603,0.10114247
135,1,MS,phloem,NA,NA,NA,NA,NA,NA,NA,NA,NA,NA,NA,NA,NA,NA,NA,NA,NA,NA,NA,NA,NA,NA,NA,NA,NA,NA,4.07724935,NA,NA,NA,NA,NA,NA,NA,NA,NA,NA,95.47499468,NA,NA
135,1,MS,roots,0.00260360,3.44667756,0.00420083,0.00351571,0.00046293,0.73172206,0.28441372,0.00018817,NA,0.04614914,0.02442114,NA,NA,NA,0.02879678,0.08991100,0.61998422,NA,0.31585522,NA,NA,16.97883988,0.73594997,17.23338782,0.06151420,NA,3.53836215,10.41131168,0.00000729,0.03759394,26.41441720,NA,0.00000000,0.00000740,0.00000000,NA,NA,42.87976564,0.26108904,0.09936706
136,1,MS,phloem,NA,NA,NA,NA,NA,NA,NA,NA,NA,NA,NA,NA,NA,NA,NA,NA,NA,NA,NA,NA,NA,NA,NA,NA,NA,NA,4.05036143,NA,NA,NA,NA,NA,NA,NA,NA,NA,NA,94.54738282,NA,NA
136,1,MS,roots,0.00246864,3.32967604,0.00727235,0.00603635,0.00079467,0.72517526,0.27711698,0.00018820,NA,0.04577595,0.02419531,NA,NA,NA,0.02866467,0.08525034,0.61485754,NA,0.31311095,NA,NA,17.01107418,0.71320808,16.64838020,0.06094536,NA,3.56812781,10.42223560,0.00000691,0.03760085,26.44609860,NA,0.00000000,0.00001270,0.00000000,NA,NA,42.87254372,0.24755512,0.09863593
137,1,MS,phloem,NA,NA,NA,NA,NA,NA,NA,NA,NA,NA,NA,NA,NA,NA,NA,NA,NA,NA,NA,NA,NA,NA,NA,NA,NA,NA,4.02536067,NA,NA,NA,NA,NA,NA,NA,NA,NA,NA,93.66577071,NA,NA
137,1,MS,roots,0.00236386,3.15321029,0.00641954,0.00529018,0.00069633,0.71998359,0.26472962,0.00018823,NA,0.04548602,0.02400954,NA,NA,NA,0.02856382,0.08163211,0.61085573,NA,0.31083215,NA,NA,17.04314581,0.67755855,15.76605146,0.06047742,NA,3.59783558,10.43317938,0.00000662,0.03760747,26.47821742,NA,0.00000000,0.00001111,0.00000000,NA,NA,42.85403403,0.23704830,0.09805938
138,1,MS,phloem,NA,NA,NA,NA,NA,NA,NA,NA,NA,NA,NA,NA,NA,NA,NA,NA,NA,NA,NA,NA,NA,NA,NA,NA,NA,NA,4.00225673,NA,NA,NA,NA,NA,NA,NA,NA,NA,NA,92.82992754,NA,NA
138,1,MS,roots,0.00227252,2.96829091,0.00410819,0.00336148,0.00044239,0.71540211,0.25155035,0.00018827,NA,0.04523356,0.02383748,NA,NA,NA,0.02847706,0.07847780,0.60736256,NA,0.30867455,NA,NA,17.07648623,0.63987243,14.84145457,0.06004402,NA,3.62890348,10.44430271,0.00000636,0.03761383,26.51197206,NA,0.00000000,0.00000705,0.00000000,NA,NA,42.82101394,0.22788863,0.09754810
139,1,MS,phloem,NA,NA,NA,NA,NA,NA,NA,NA,NA,NA,NA,NA,NA,NA,NA,NA,NA,NA,NA,NA,NA,NA,NA,NA,NA,NA,3.97976083,NA,NA,NA,NA,NA,NA,NA,NA,NA,NA,92.03013341,NA,NA
139,1,MS,roots,0.00217597,2.82830245,0.00270492,0.00219705,0.00028908,0.71062921,0.24200898,0.00018830,NA,0.04496857,0.02365611,NA,NA,NA,0.02838401,0.07514341,0.60370672,NA,0.30637267,NA,NA,17.11039385,0.61153705,14.14151223,0.05958717,NA,3.66063513,10.45549832,0.00000609,0.03761992,26.54657771,NA,0.00000000,0.00000460,0.00000000,NA,NA,42.78098849,0.21820601,0.09700869
140,1,MS,phloem,NA,NA,NA,NA,NA,NA,NA,NA,NA,NA,NA,NA,NA,NA,NA,NA,NA,NA,NA,NA,NA,NA,NA,NA,NA,NA,3.95864663,NA,NA,NA,NA,NA,NA,NA,NA,NA,NA,91.26768129,NA,NA
140,1,MS,roots,0.00208056,2.68461462,0.00197509,0.00159236,0.00020947,0.70593048,0.23196248,0.00018833,NA,0.04470677,0.02347399,NA,NA,NA,0.02829110,0.07184876,0.60009904,NA,0.30402699,NA,NA,17.14417756,0.58221270,13.42307309,0.05912844,NA,3.69233828,10.46669099,0.00000583,0.03762575,26.58147108,NA,0.00000000,0.00000333,0.00000000,NA,NA,42.73322756,0.20863882,0.09647186
141,1,MS,phloem,NA,NA,NA,NA,NA,NA,NA,NA,NA,NA,NA,NA,NA,NA,NA,NA,NA,NA,NA,NA,NA,NA,NA,NA,NA,NA,4.02610103,NA,NA,NA,NA,NA,NA,NA,NA,NA,NA,93.79764780,NA,NA
141,1,MS,roots,0.00197357,3.13499654,0.04164182,0.03332705,0.00438302,0.70154793,0.27020799,0.00018835,NA,0.04443505,0.02334198,NA,NA,NA,0.02821536,0.06815384,0.59636422,NA,0.30242073,NA,NA,17.14008522,0.67282139,15.67498270,0.05879592,NA,3.68627237,10.47364163,0.00000553,0.03763128,26.58438565,NA,0.00000000,0.00006965,0.00000000,NA,NA,42.76872408,0.19790929,0.09599240
142,1,MS,phloem,NA,NA,NA,NA,NA,NA,NA,NA,NA,NA,NA,NA,NA,NA,NA,NA,NA,NA,NA,NA,NA,NA,NA,NA,NA,NA,4.15888659,NA,NA,NA,NA,NA,NA,NA,NA,NA,NA,99.08458942,NA,NA
142,1,MS,roots,0.00191060,4.12294970,0.14273573,0.11443386,0.01505817,0.70083258,0.34389020,0.00018838,NA,0.04430718,0.02340589,NA,NA,NA,0.02819190,0.06597932,0.59456352,NA,0.30327424,NA,NA,17.03912675,0.86526474,20.61474850,0.05895691,NA,3.58340330,10.46992134,0.00000535,0.03763663,26.50627707,NA,0.00000000,0.00023914,0.00000000,NA,NA,42.96194429,0.19159476,0.09590497
143,1,MS,phloem,NA,NA,NA,NA,NA,NA,NA,NA,NA,NA,NA,NA,NA,NA,NA,NA,NA,NA,NA,NA,NA,NA,NA,NA,NA,NA,4.40376797,NA,NA,NA,NA,NA,NA,NA,NA,NA,NA,105.75017415,NA,NA
143,1,MS,roots,0.00189889,5.56436014,0.24436864,0.20094916,0.02651108,0.70400120,0.43442734,0.00018841,NA,0.04434348,0.02370230,NA,NA,NA,0.02814920,0.06557504,0.59496652,NA,0.30728401,NA,NA,16.84393985,1.15858679,27.82180070,0.05970351,NA,3.38631751,10.45487426,0.00000532,0.03764194,26.34225115,NA,0.00000000,0.00042118,0.00000000,NA,NA,43.37362855,0.19042079,0.09619497
144,1,MS,phloem,NA,NA,NA,NA,NA,NA,NA,NA,NA,NA,NA,NA,NA,NA,NA,NA,NA,NA,NA,NA,NA,NA,NA,NA,NA,NA,4.65097300,NA,NA,NA,NA,NA,NA,NA,NA,NA,NA,112.23812943,NA,NA
144,1,MS,roots,0.00193983,6.94738325,0.23327996,0.20174789,0.02674369,0.70883089,0.50669331,0.00018843,NA,0.04453090,0.02415132,NA,NA,NA,0.02807549,0.06698887,0.59739506,NA,0.31423351,NA,NA,16.66769517,1.43944362,34.73691625,0.06083455,NA,3.20813300,10.43982645,0.00000543,0.03764737,26.17837810,NA,0.00000000,0.00042548,0.00000000,NA,NA,43.98741598,0.19452636,0.09675771
145,1,MS,phloem,NA,NA,NA,NA,NA,NA,NA,NA,NA,NA,NA,NA,NA,NA,NA,NA,NA,NA,NA,NA,NA,NA,NA,NA,NA,NA,4.79781997,NA,NA,NA,NA,NA,NA,NA,NA,NA,NA,116.86648416,NA,NA
145,1,MS,roots,0.00221274,7.97071515,0.15207891,0.13798012,0.01837865,0.72139604,0.55560641,0.00018846,NA,0.04532760,0.02492381,NA,NA,NA,0.02835666,0.07641318,0.60798289,NA,0.32661885,NA,NA,16.57872079,1.63614301,39.85357576,0.06278039,NA,3.11694588,10.43357812,0.00000620,0.03765357,26.07976861,NA,0.00000000,0.00029282,0.00000000,NA,NA,44.71562465,0.22189325,0.09860807
146,1,MS,phloem,NA,NA,NA,NA,NA,NA,NA,NA,NA,NA,NA,NA,NA,NA,NA,NA,NA,NA,NA,NA,NA,NA,NA,NA,NA,NA,4.92496210,NA,NA,NA,NA,NA,NA,NA,NA,NA,NA,121.43176929,NA,NA
146,1,MS,roots,0.00265618,8.84619220,0.14183922,0.13197709,0.01763496,0.74052623,0.59103278,0.00018850,NA,0.04655941,0.02596863,NA,NA,NA,0.02900934,0.09172690,0.62438192,NA,0.34290798,NA,NA,16.50514041,1.79389470,44.23096101,0.06541215,NA,3.04070931,10.42864134,0.00000744,0.03766101,25.98903138,NA,0.00000000,0.00028114,0.00000000,NA,NA,45.51134846,0.26636216,0.10153737
147,1,MS,phloem,NA,NA,NA,NA,NA,NA,NA,NA,NA,NA,NA,NA,NA,NA,NA,NA,NA,NA,NA,NA,NA,NA,NA,NA,NA,NA,4.96300522,NA,NA,NA,NA,NA,NA,NA,NA,NA,NA,123.80801743,NA,NA
147,1,MS,roots,0.00323003,9.16066989,0.07599383,0.07224579,0.00968270,0.76315698,0.60027201,0.00018855,NA,0.04809968,0.02713682,NA,NA,NA,0.02982480,0.11154380,0.64488283,NA,0.36139183,NA,NA,16.49968104,1.83608677,45.80334945,0.06835471,NA,3.03201991,10.43236631,0.00000904,0.03767005,25.96027296,NA,0.00000000,0.00015444,0.00000000,NA,NA,46.27124545,0.32390770,0.10506130
